2026-05-08 09:13:15.842 [info] [main] Log level: Info
2026-05-08 09:13:15.842 [info] [main] Validating found git in: "git"
2026-05-08 09:13:15.842 [info] [main] Using git "2.53.0" from "git"
2026-05-08 09:13:15.842 [info] [Model][doInitialScan] Initial repository scan started
2026-05-08 09:13:15.842 [info] > git rev-parse --show-toplevel [88ms]
2026-05-08 09:13:15.842 [info] > git rev-parse --git-dir --git-common-dir --show-superproject-working-tree [22ms]
2026-05-08 09:13:16.034 [info] [Model][openRepository] Opened repository (path): /workspaces/family-monitor
2026-05-08 09:13:16.034 [info] [Model][openRepository] Opened repository (real path): /workspaces/family-monitor
2026-05-08 09:13:16.034 [info] [Model][openRepository] Opened repository (kind): repository
2026-05-08 09:13:16.049 [info] [Model][doInitialScan] Initial repository scan completed - repositories (1), closed repositories (0), parent repositories (0), unsafe repositories (0)
2026-05-08 09:13:16.218 [info] > git config --get commit.template [23ms]
2026-05-08 09:13:16.222 [info] > git for-each-ref --format=%(refname)%00%(upstream:short)%00%(objectname)%00%(upstream:track)%00%(upstream:remotename)%00%(upstream:remoteref) refs/heads/main refs/remotes/main [8ms]
2026-05-08 09:13:16.231 [warning] [Git][revParse] Unable to read file: ENOENT: no such file or directory, open '/workspaces/family-monitor/.git/refs/remotes/origin/main'
2026-05-08 09:13:16.233 [info] > git rev-parse refs/remotes/origin/main [2ms]
2026-05-08 09:13:16.254 [info] > git status -z -uall [13ms]
2026-05-08 09:13:16.261 [info] > git for-each-ref --sort -committerdate --format %(refname)%00%(objectname)%00%(*objectname) [9ms]
2026-05-08 09:13:16.424 [info] > git for-each-ref --format=%(refname)%00%(upstream:short)%00%(objectname)%00%(upstream:track)%00%(upstream:remotename)%00%(upstream:remoteref) refs/heads/main refs/remotes/main [79ms]
2026-05-08 09:13:16.442 [info] > git config --get --local branch.main.vscode-merge-base [4ms]
2026-05-08 09:13:16.442 [warning] [Git][config] git config failed: Failed to execute git
2026-05-08 09:13:16.452 [info] > git config --get commit.template [31ms]
2026-05-08 09:13:16.465 [info] > git reflog main --grep-reflog=branch: Created from *. [13ms]
2026-05-08 09:13:16.474 [info] > git for-each-ref --format=%(refname)%00%(upstream:short)%00%(objectname)%00%(upstream:track)%00%(upstream:remotename)%00%(upstream:remoteref) refs/heads/main refs/remotes/main [9ms]
2026-05-08 09:13:16.487 [warning] [Git][revParse] Unable to read file: ENOENT: no such file or directory, open '/workspaces/family-monitor/.git/refs/remotes/origin/main'
2026-05-08 09:13:16.491 [info] > git symbolic-ref --short refs/remotes/origin/HEAD [17ms]
2026-05-08 09:13:16.503 [info] > git rev-parse refs/remotes/origin/main [15ms]
2026-05-08 09:13:16.530 [info] > git status -z -uall [19ms]
2026-05-08 09:13:16.530 [info] > git for-each-ref --format=%(refname)%00%(upstream:short)%00%(objectname)%00%(upstream:track)%00%(upstream:remotename)%00%(upstream:remoteref) refs/heads/origin/main refs/remotes/origin/main [29ms]
2026-05-08 09:13:16.544 [info] > git for-each-ref --sort -committerdate --format %(refname)%00%(objectname)%00%(*objectname) [21ms]
2026-05-08 09:13:16.561 [info] > git config --add --local branch.main.vscode-merge-base origin/main [20ms]
2026-05-08 09:13:17.369 [info] > git config --get commit.template [774ms]
2026-05-08 09:13:17.426 [info] > git check-ignore -v -z --stdin [40ms]
2026-05-08 09:13:17.426 [info] > git for-each-ref --format=%(refname)%00%(upstream:short)%00%(objectname)%00%(upstream:track)%00%(upstream:remotename)%00%(upstream:remoteref) refs/heads/main refs/remotes/main [30ms]
2026-05-08 09:13:17.450 [warning] [Git][revParse] Unable to read file: ENOENT: no such file or directory, open '/workspaces/family-monitor/.git/refs/remotes/origin/main'
2026-05-08 09:13:17.466 [info] > git rev-parse refs/remotes/origin/main [16ms]
2026-05-08 09:13:17.501 [info] > git status -z -uall [24ms]
2026-05-08 09:13:17.502 [info] > git for-each-ref --sort -committerdate --format %(refname)%00%(objectname)%00%(*objectname) [7ms]
2026-05-08 09:13:17.535 [info] > git merge-base refs/heads/main refs/remotes/origin/main [24ms]
2026-05-08 09:13:17.548 [info] > git merge-base refs/heads/main refs/remotes/origin/main [24ms]
2026-05-08 09:13:17.568 [info] > git diff --raw --numstat --diff-filter=ADMR -z --find-renames=50% 52f4388e067adca7858d50559969b799c85de997...refs/remotes/origin/main -- [22ms]
2026-05-08 09:13:17.580 [info] > git diff --raw --numstat --diff-filter=ADMR -z --find-renames=50% 52f4388e067adca7858d50559969b799c85de997...refs/remotes/origin/main -- [14ms]
2026-05-08 09:13:20.838 [info] > git config --local -l [15ms]
2026-05-08 09:13:21.545 [info] > git config --local -l [53ms]
2026-05-08 09:13:21.547 [info] > git config --local -l [118ms]
2026-05-08 09:13:21.548 [info] > git config --local -l [163ms]
2026-05-08 09:13:21.549 [info] > git config --local -l [185ms]
2026-05-08 09:13:23.560 [info] > git config --local -l [120ms]
2026-05-08 09:13:23.609 [info] > git for-each-ref --count=10 --sort -committerdate --format %(refname)%00%(objectname)%00%(*objectname) refs/heads/ [210ms]
2026-05-08 09:13:23.630 [info] > git config --local -l [268ms]
2026-05-08 09:13:23.631 [info] > git config --local -l [305ms]
2026-05-08 09:13:23.632 [info] > git config --local -l [349ms]
2026-05-08 09:13:23.633 [info] > git config --local -l [402ms]
2026-05-08 09:13:23.639 [info] > git config --local -l [10ms]
2026-05-08 09:13:23.653 [info] > git for-each-ref --format=%(refname)%00%(upstream:short)%00%(objectname)%00%(upstream:track)%00%(upstream:remotename)%00%(upstream:remoteref) refs/heads/main refs/remotes/main [5ms]
2026-05-08 09:13:39.660 [info] > git config --get commit.template [18ms]
2026-05-08 09:13:39.663 [info] > git for-each-ref --format=%(refname)%00%(upstream:short)%00%(objectname)%00%(upstream:track)%00%(upstream:remotename)%00%(upstream:remoteref) refs/heads/main refs/remotes/main [4ms]
2026-05-08 09:13:39.670 [warning] [Git][revParse] Unable to read file: ENOENT: no such file or directory, open '/workspaces/family-monitor/.git/refs/remotes/origin/main'
2026-05-08 09:13:39.674 [info] > git rev-parse refs/remotes/origin/main [4ms]
2026-05-08 09:13:39.701 [info] > git status -z -uall [15ms]
2026-05-08 09:13:39.705 [info] > git for-each-ref --sort -committerdate --format %(refname)%00%(objectname)%00%(*objectname) [9ms]
2026-05-08 09:13:39.824 [info] > git check-ignore -v -z --stdin [7ms]
2026-05-08 09:13:51.718 [info] > git config --get commit.template [11ms]
2026-05-08 09:13:51.721 [info] > git for-each-ref --format=%(refname)%00%(upstream:short)%00%(objectname)%00%(upstream:track)%00%(upstream:remotename)%00%(upstream:remoteref) refs/heads/main refs/remotes/main [4ms]
2026-05-08 09:13:51.735 [warning] [Git][revParse] Unable to read file: ENOENT: no such file or directory, open '/workspaces/family-monitor/.git/refs/remotes/origin/main'
2026-05-08 09:13:51.737 [info] > git rev-parse refs/remotes/origin/main [2ms]
2026-05-08 09:13:51.772 [info] > git status -z -uall [19ms]
2026-05-08 09:13:51.773 [info] > git for-each-ref --sort -committerdate --format %(refname)%00%(objectname)%00%(*objectname) [4ms]
2026-05-08 09:14:45.079 [info] > git config --get commit.template [8ms]
2026-05-08 09:14:45.207 [info] > git for-each-ref --format=%(refname)%00%(upstream:short)%00%(objectname)%00%(upstream:track)%00%(upstream:remotename)%00%(upstream:remoteref) refs/heads/main refs/remotes/main [6ms]
2026-05-08 09:14:45.231 [warning] [Git][revParse] Unable to read file: ENOENT: no such file or directory, open '/workspaces/family-monitor/.git/refs/remotes/origin/main'
2026-05-08 09:14:45.237 [info] > git rev-parse refs/remotes/origin/main [6ms]
2026-05-08 09:14:45.570 [info] > git status -z -uall [283ms]
2026-05-08 09:14:45.577 [info] > git for-each-ref --sort -committerdate --format %(refname)%00%(objectname)%00%(*objectname) [248ms]
2026-05-08 09:14:50.793 [info] > git config --get commit.template [106ms]
2026-05-08 09:14:50.793 [info] > git for-each-ref --format=%(refname)%00%(upstream:short)%00%(objectname)%00%(upstream:track)%00%(upstream:remotename)%00%(upstream:remoteref) refs/heads/main refs/remotes/main [6ms]
2026-05-08 09:14:50.904 [warning] [Git][revParse] Unable to read file: ENOENT: no such file or directory, open '/workspaces/family-monitor/.git/refs/remotes/origin/main'
2026-05-08 09:14:50.907 [info] > git rev-parse refs/remotes/origin/main [3ms]
2026-05-08 09:14:51.147 [info] > git status -z -uall [105ms]
2026-05-08 09:14:51.147 [info] > git for-each-ref --sort -committerdate --format %(refname)%00%(objectname)%00%(*objectname) [21ms]
2026-05-08 09:18:20.833 [info] > git config --local -l [3ms]
2026-05-08 09:19:11.075 [info] > git config --local -l [0ms]
2026-05-08 09:20:00.715 [info] > git config --get commit.template [2ms]
2026-05-08 09:20:00.730 [info] > git for-each-ref --format=%(refname)%00%(upstream:short)%00%(objectname)%00%(upstream:track)%00%(upstream:remotename)%00%(upstream:remoteref) refs/heads/main refs/remotes/main [2ms]
2026-05-08 09:20:00.740 [warning] [Git][revParse] Unable to read file: ENOENT: no such file or directory, open '/workspaces/family-monitor/.git/refs/remotes/origin/main'
2026-05-08 09:20:00.742 [info] > git rev-parse refs/remotes/origin/main [2ms]
2026-05-08 09:20:00.763 [info] > git for-each-ref --sort -committerdate --format %(refname)%00%(objectname)%00%(*objectname) [2ms]
2026-05-08 09:20:00.780 [info] > git status -z -uall [30ms]
2026-05-08 09:20:26.827 [info] > git config --get commit.template [15ms]
2026-05-08 09:20:26.829 [info] > git for-each-ref --format=%(refname)%00%(upstream:short)%00%(objectname)%00%(upstream:track)%00%(upstream:remotename)%00%(upstream:remoteref) refs/heads/main refs/remotes/main [3ms]
2026-05-08 09:20:26.836 [warning] [Git][revParse] Unable to read file: ENOENT: no such file or directory, open '/workspaces/family-monitor/.git/refs/remotes/origin/main'
2026-05-08 09:20:26.838 [info] > git rev-parse refs/remotes/origin/main [2ms]
2026-05-08 09:20:26.860 [info] > git status -z -uall [14ms]
2026-05-08 09:20:26.864 [info] > git for-each-ref --sort -committerdate --format %(refname)%00%(objectname)%00%(*objectname) [6ms]
2026-05-08 09:20:31.892 [info] > git config --get commit.template [6ms]
2026-05-08 09:20:31.924 [info] > git for-each-ref --format=%(refname)%00%(upstream:short)%00%(objectname)%00%(upstream:track)%00%(upstream:remotename)%00%(upstream:remoteref) refs/heads/main refs/remotes/main [7ms]
2026-05-08 09:20:31.944 [warning] [Git][revParse] Unable to read file: ENOENT: no such file or directory, open '/workspaces/family-monitor/.git/refs/remotes/origin/main'
2026-05-08 09:20:31.947 [info] > git rev-parse refs/remotes/origin/main [3ms]
2026-05-08 09:20:31.977 [info] > git status -z -uall [19ms]
2026-05-08 09:20:31.980 [info] > git for-each-ref --sort -committerdate --format %(refname)%00%(objectname)%00%(*objectname) [4ms]
2026-05-08 09:20:33.913 [info] > git check-ignore -v -z --stdin [4ms]
2026-05-08 09:20:58.900 [info] > git config --get commit.template [3ms]
2026-05-08 09:20:58.911 [info] > git for-each-ref --format=%(refname)%00%(upstream:short)%00%(objectname)%00%(upstream:track)%00%(upstream:remotename)%00%(upstream:remoteref) refs/heads/main refs/remotes/main [3ms]
2026-05-08 09:20:58.925 [warning] [Git][revParse] Unable to read file: ENOENT: no such file or directory, open '/workspaces/family-monitor/.git/refs/remotes/origin/main'
2026-05-08 09:20:58.925 [info] > git rev-parse refs/remotes/origin/main [1ms]
2026-05-08 09:20:58.951 [info] > git status -z -uall [17ms]
2026-05-08 09:20:58.953 [info] > git for-each-ref --sort -committerdate --format %(refname)%00%(objectname)%00%(*objectname) [3ms]
2026-05-08 09:21:09.706 [info] > git config --get commit.template [15ms]
2026-05-08 09:21:09.708 [info] > git for-each-ref --format=%(refname)%00%(upstream:short)%00%(objectname)%00%(upstream:track)%00%(upstream:remotename)%00%(upstream:remoteref) refs/heads/main refs/remotes/main [3ms]
2026-05-08 09:21:09.720 [warning] [Git][revParse] Unable to read file: ENOENT: no such file or directory, open '/workspaces/family-monitor/.git/refs/remotes/origin/main'
2026-05-08 09:21:09.722 [info] > git rev-parse refs/remotes/origin/main [2ms]
2026-05-08 09:21:09.751 [info] > git status -z -uall [17ms]
2026-05-08 09:21:09.758 [info] > git for-each-ref --sort -committerdate --format %(refname)%00%(objectname)%00%(*objectname) [6ms]
2026-05-08 09:21:46.308 [info] > git config --get commit.template [11ms]
2026-05-08 09:21:46.332 [info] > git for-each-ref --format=%(refname)%00%(upstream:short)%00%(objectname)%00%(upstream:track)%00%(upstream:remotename)%00%(upstream:remoteref) refs/heads/main refs/remotes/main [9ms]
2026-05-08 09:21:46.346 [warning] [Git][revParse] Unable to read file: ENOENT: no such file or directory, open '/workspaces/family-monitor/.git/refs/remotes/origin/main'
2026-05-08 09:21:46.347 [info] > git rev-parse refs/remotes/origin/main [1ms]
2026-05-08 09:21:46.380 [info] > git status -z -uall [24ms]
2026-05-08 09:21:46.387 [info] > git for-each-ref --sort -committerdate --format %(refname)%00%(objectname)%00%(*objectname) [13ms]
2026-05-08 09:21:57.096 [info] > git config --get commit.template [18ms]
2026-05-08 09:21:57.098 [info] > git for-each-ref --format=%(refname)%00%(upstream:short)%00%(objectname)%00%(upstream:track)%00%(upstream:remotename)%00%(upstream:remoteref) refs/heads/main refs/remotes/main [4ms]
2026-05-08 09:21:57.107 [warning] [Git][revParse] Unable to read file: ENOENT: no such file or directory, open '/workspaces/family-monitor/.git/refs/remotes/origin/main'
2026-05-08 09:21:57.109 [info] > git rev-parse refs/remotes/origin/main [2ms]
2026-05-08 09:21:57.131 [info] > git status -z -uall [15ms]
2026-05-08 09:21:57.135 [info] > git for-each-ref --sort -committerdate --format %(refname)%00%(objectname)%00%(*objectname) [4ms]
2026-05-08 09:23:09.479 [info] > git config --get commit.template [58ms]
2026-05-08 09:23:09.488 [info] > git for-each-ref --format=%(refname)%00%(upstream:short)%00%(objectname)%00%(upstream:track)%00%(upstream:remotename)%00%(upstream:remoteref) refs/heads/main refs/remotes/main [10ms]
2026-05-08 09:23:09.528 [warning] [Git][revParse] Unable to read file: ENOENT: no such file or directory, open '/workspaces/family-monitor/.git/refs/remotes/origin/main'
2026-05-08 09:23:09.538 [info] > git rev-parse refs/remotes/origin/main [10ms]
2026-05-08 09:23:09.590 [info] > git status -z -uall [31ms]
2026-05-08 09:23:09.593 [info] > git for-each-ref --sort -committerdate --format %(refname)%00%(objectname)%00%(*objectname) [10ms]
2026-05-08 09:23:49.209 [info] > git config --get commit.template [3ms]
2026-05-08 09:23:49.220 [info] > git for-each-ref --format=%(refname)%00%(upstream:short)%00%(objectname)%00%(upstream:track)%00%(upstream:remotename)%00%(upstream:remoteref) refs/heads/main refs/remotes/main [3ms]
2026-05-08 09:23:49.235 [warning] [Git][revParse] Unable to read file: ENOENT: no such file or directory, open '/workspaces/family-monitor/.git/refs/remotes/origin/main'
2026-05-08 09:23:49.237 [info] > git rev-parse refs/remotes/origin/main [2ms]
2026-05-08 09:23:49.260 [info] > git status -z -uall [15ms]
2026-05-08 09:23:49.263 [info] > git for-each-ref --sort -committerdate --format %(refname)%00%(objectname)%00%(*objectname) [7ms]
2026-05-08 09:24:18.102 [info] > git config --get commit.template [5ms]
2026-05-08 09:24:18.114 [info] > git for-each-ref --format=%(refname)%00%(upstream:short)%00%(objectname)%00%(upstream:track)%00%(upstream:remotename)%00%(upstream:remoteref) refs/heads/main refs/remotes/main [1ms]
2026-05-08 09:24:18.125 [warning] [Git][revParse] Unable to read file: ENOENT: no such file or directory, open '/workspaces/family-monitor/.git/refs/remotes/origin/main'
2026-05-08 09:24:18.125 [info] > git rev-parse refs/remotes/origin/main [0ms]
2026-05-08 09:24:18.148 [info] > git status -z -uall [13ms]
2026-05-08 09:24:18.148 [info] > git for-each-ref --sort -committerdate --format %(refname)%00%(objectname)%00%(*objectname) [1ms]
2026-05-08 09:25:01.738 [info] > git config --local -l [1ms]
2026-05-08 09:25:01.834 [info] > git config --local -l [5ms]
2026-05-08 09:25:13.736 [info] > git for-each-ref --format=%(refname)%00%(upstream:short)%00%(objectname)%00%(upstream:track)%00%(upstream:remotename)%00%(upstream:remoteref) refs/heads/main refs/remotes/main [1ms]
2026-05-08 09:25:13.736 [info] > git config --get commit.template [14ms]
2026-05-08 09:25:13.745 [warning] [Git][revParse] Unable to read file: ENOENT: no such file or directory, open '/workspaces/family-monitor/.git/refs/remotes/origin/main'
2026-05-08 09:25:13.746 [info] > git rev-parse refs/remotes/origin/main [1ms]
2026-05-08 09:25:13.772 [info] > git status -z -uall [13ms]
2026-05-08 09:25:13.778 [info] > git for-each-ref --sort -committerdate --format %(refname)%00%(objectname)%00%(*objectname) [8ms]
2026-05-08 09:25:18.815 [info] > git config --get commit.template [18ms]
2026-05-08 09:25:18.816 [info] > git for-each-ref --format=%(refname)%00%(upstream:short)%00%(objectname)%00%(upstream:track)%00%(upstream:remotename)%00%(upstream:remoteref) refs/heads/main refs/remotes/main [2ms]
2026-05-08 09:25:18.832 [warning] [Git][revParse] Unable to read file: ENOENT: no such file or directory, open '/workspaces/family-monitor/.git/refs/remotes/origin/main'
2026-05-08 09:25:18.834 [info] > git rev-parse refs/remotes/origin/main [1ms]
2026-05-08 09:25:18.874 [info] > git status -z -uall [26ms]
2026-05-08 09:25:18.876 [info] > git for-each-ref --sort -committerdate --format %(refname)%00%(objectname)%00%(*objectname) [5ms]
2026-05-08 09:25:26.464 [info] > git for-each-ref --format=%(refname)%00%(upstream:short)%00%(objectname)%00%(upstream:track)%00%(upstream:remotename)%00%(upstream:remoteref) refs/heads/main refs/remotes/main [6ms]
2026-05-08 09:25:26.466 [info] > git config --get commit.template [28ms]
2026-05-08 09:25:26.480 [warning] [Git][revParse] Unable to read file: ENOENT: no such file or directory, open '/workspaces/family-monitor/.git/refs/remotes/origin/main'
2026-05-08 09:25:26.481 [info] > git rev-parse refs/remotes/origin/main [1ms]
2026-05-08 09:25:26.502 [info] > git status -z -uall [15ms]
2026-05-08 09:25:26.505 [info] > git for-each-ref --sort -committerdate --format %(refname)%00%(objectname)%00%(*objectname) [6ms]
2026-05-08 09:25:32.187 [info] > git config --get commit.template [9ms]
2026-05-08 09:25:32.189 [info] > git for-each-ref --format=%(refname)%00%(upstream:short)%00%(objectname)%00%(upstream:track)%00%(upstream:remotename)%00%(upstream:remoteref) refs/heads/main refs/remotes/main [2ms]
2026-05-08 09:25:32.203 [warning] [Git][revParse] Unable to read file: ENOENT: no such file or directory, open '/workspaces/family-monitor/.git/refs/remotes/origin/main'
2026-05-08 09:25:32.204 [info] > git rev-parse refs/remotes/origin/main [1ms]
2026-05-08 09:25:32.227 [info] > git status -z -uall [15ms]
2026-05-08 09:25:32.232 [info] > git for-each-ref --sort -committerdate --format %(refname)%00%(objectname)%00%(*objectname) [6ms]
2026-05-08 09:26:34.104 [info] > git config --get commit.template [4ms]
2026-05-08 09:26:34.121 [info] > git for-each-ref --format=%(refname)%00%(upstream:short)%00%(objectname)%00%(upstream:track)%00%(upstream:remotename)%00%(upstream:remoteref) refs/heads/main refs/remotes/main [4ms]
2026-05-08 09:26:34.136 [warning] [Git][revParse] Unable to read file: ENOENT: no such file or directory, open '/workspaces/family-monitor/.git/refs/remotes/origin/main'
2026-05-08 09:26:34.139 [info] > git rev-parse refs/remotes/origin/main [3ms]
2026-05-08 09:26:34.171 [info] > git status -z -uall [19ms]
2026-05-08 09:26:34.173 [info] > git for-each-ref --sort -committerdate --format %(refname)%00%(objectname)%00%(*objectname) [3ms]
2026-05-08 09:27:03.732 [info] > git config --get commit.template [2ms]
2026-05-08 09:27:03.769 [info] > git for-each-ref --format=%(refname)%00%(upstream:short)%00%(objectname)%00%(upstream:track)%00%(upstream:remotename)%00%(upstream:remoteref) refs/heads/main refs/remotes/main [5ms]
2026-05-08 09:27:03.797 [warning] [Git][revParse] Unable to read file: ENOENT: no such file or directory, open '/workspaces/family-monitor/.git/refs/remotes/origin/main'
2026-05-08 09:27:03.797 [info] > git rev-parse refs/remotes/origin/main [0ms]
2026-05-08 09:27:03.834 [info] > git status -z -uall [20ms]
2026-05-08 09:27:03.836 [info] > git for-each-ref --sort -committerdate --format %(refname)%00%(objectname)%00%(*objectname) [4ms]
2026-05-08 09:27:40.737 [info] > git config --get commit.template [24ms]
2026-05-08 09:27:40.742 [info] > git for-each-ref --format=%(refname)%00%(upstream:short)%00%(objectname)%00%(upstream:track)%00%(upstream:remotename)%00%(upstream:remoteref) refs/heads/main refs/remotes/main [7ms]
2026-05-08 09:27:40.756 [warning] [Git][revParse] Unable to read file: ENOENT: no such file or directory, open '/workspaces/family-monitor/.git/refs/remotes/origin/main'
2026-05-08 09:27:40.760 [info] > git rev-parse refs/remotes/origin/main [4ms]
2026-05-08 09:27:40.817 [info] > git status -z -uall [33ms]
2026-05-08 09:27:40.818 [info] > git for-each-ref --sort -committerdate --format %(refname)%00%(objectname)%00%(*objectname) [5ms]
2026-05-08 09:27:50.507 [info] > git config --get commit.template [5ms]
2026-05-08 09:27:50.540 [info] > git for-each-ref --format=%(refname)%00%(upstream:short)%00%(objectname)%00%(upstream:track)%00%(upstream:remotename)%00%(upstream:remoteref) refs/heads/main refs/remotes/main [10ms]
2026-05-08 09:27:50.602 [warning] [Git][revParse] Unable to read file: ENOENT: no such file or directory, open '/workspaces/family-monitor/.git/refs/remotes/origin/main'
2026-05-08 09:27:50.612 [info] > git rev-parse refs/remotes/origin/main [10ms]
2026-05-08 09:27:50.705 [info] > git for-each-ref --sort -committerdate --format %(refname)%00%(objectname)%00%(*objectname) [9ms]
2026-05-08 09:27:51.114 [info] > git status -z -uall [431ms]
2026-05-08 09:27:56.760 [info] > git config --get commit.template [2ms]
2026-05-08 09:27:56.790 [info] > git for-each-ref --format=%(refname)%00%(upstream:short)%00%(objectname)%00%(upstream:track)%00%(upstream:remotename)%00%(upstream:remoteref) refs/heads/main refs/remotes/main [3ms]
2026-05-08 09:27:56.800 [warning] [Git][revParse] Unable to read file: ENOENT: no such file or directory, open '/workspaces/family-monitor/.git/refs/remotes/origin/main'
2026-05-08 09:27:56.803 [info] > git rev-parse refs/remotes/origin/main [3ms]
2026-05-08 09:27:56.828 [info] > git status -z -uall [16ms]
2026-05-08 09:27:56.829 [info] > git for-each-ref --sort -committerdate --format %(refname)%00%(objectname)%00%(*objectname) [3ms]
2026-05-08 09:28:23.427 [info] > git config --get commit.template [4ms]
2026-05-08 09:28:23.438 [info] > git for-each-ref --format=%(refname)%00%(upstream:short)%00%(objectname)%00%(upstream:track)%00%(upstream:remotename)%00%(upstream:remoteref) refs/heads/main refs/remotes/main [1ms]
2026-05-08 09:28:23.450 [warning] [Git][revParse] Unable to read file: ENOENT: no such file or directory, open '/workspaces/family-monitor/.git/refs/remotes/origin/main'
2026-05-08 09:28:23.451 [info] > git rev-parse refs/remotes/origin/main [1ms]
2026-05-08 09:28:23.494 [info] > git status -z -uall [23ms]
2026-05-08 09:28:23.498 [info] > git for-each-ref --sort -committerdate --format %(refname)%00%(objectname)%00%(*objectname) [10ms]
2026-05-08 09:28:31.685 [info] > git config --get commit.template [54ms]
2026-05-08 09:28:32.227 [info] > git for-each-ref --format=%(refname)%00%(upstream:short)%00%(objectname)%00%(upstream:track)%00%(upstream:remotename)%00%(upstream:remoteref) refs/heads/main refs/remotes/main [543ms]
2026-05-08 09:28:32.280 [warning] [Git][revParse] Unable to read file: ENOENT: no such file or directory, open '/workspaces/family-monitor/.git/refs/remotes/origin/main'
2026-05-08 09:28:32.308 [info] > git rev-parse refs/remotes/origin/main [28ms]
2026-05-08 09:28:32.397 [info] > git status -z -uall [28ms]
2026-05-08 09:28:32.402 [info] > git for-each-ref --sort -committerdate --format %(refname)%00%(objectname)%00%(*objectname) [10ms]
2026-05-08 09:28:37.420 [info] > git config --get commit.template [4ms]
2026-05-08 09:28:37.449 [info] > git for-each-ref --format=%(refname)%00%(upstream:short)%00%(objectname)%00%(upstream:track)%00%(upstream:remotename)%00%(upstream:remoteref) refs/heads/main refs/remotes/main [7ms]
2026-05-08 09:28:37.469 [warning] [Git][revParse] Unable to read file: ENOENT: no such file or directory, open '/workspaces/family-monitor/.git/refs/remotes/origin/main'
2026-05-08 09:28:37.474 [info] > git rev-parse refs/remotes/origin/main [5ms]
2026-05-08 09:28:37.510 [info] > git status -z -uall [18ms]
2026-05-08 09:28:37.514 [info] > git for-each-ref --sort -committerdate --format %(refname)%00%(objectname)%00%(*objectname) [4ms]
2026-05-08 09:29:01.823 [info] > git config --get commit.template [16ms]
2026-05-08 09:29:01.823 [info] > git for-each-ref --format=%(refname)%00%(upstream:short)%00%(objectname)%00%(upstream:track)%00%(upstream:remotename)%00%(upstream:remoteref) refs/heads/main refs/remotes/main [3ms]
2026-05-08 09:29:01.830 [warning] [Git][revParse] Unable to read file: ENOENT: no such file or directory, open '/workspaces/family-monitor/.git/refs/remotes/origin/main'
2026-05-08 09:29:01.832 [info] > git rev-parse refs/remotes/origin/main [2ms]
2026-05-08 09:29:01.871 [info] > git status -z -uall [29ms]
2026-05-08 09:29:01.887 [info] > git for-each-ref --sort -committerdate --format %(refname)%00%(objectname)%00%(*objectname) [17ms]
2026-05-08 09:29:39.438 [info] > git config --get commit.template [2ms]
2026-05-08 09:29:39.454 [info] > git for-each-ref --format=%(refname)%00%(upstream:short)%00%(objectname)%00%(upstream:track)%00%(upstream:remotename)%00%(upstream:remoteref) refs/heads/main refs/remotes/main [5ms]
2026-05-08 09:29:39.465 [warning] [Git][revParse] Unable to read file: ENOENT: no such file or directory, open '/workspaces/family-monitor/.git/refs/remotes/origin/main'
2026-05-08 09:29:39.465 [info] > git rev-parse refs/remotes/origin/main [0ms]
2026-05-08 09:29:39.494 [info] > git status -z -uall [17ms]
2026-05-08 09:29:39.497 [info] > git for-each-ref --sort -committerdate --format %(refname)%00%(objectname)%00%(*objectname) [9ms]
2026-05-08 09:29:51.113 [info] > git config --get commit.template [5ms]
2026-05-08 09:29:51.162 [info] > git for-each-ref --format=%(refname)%00%(upstream:short)%00%(objectname)%00%(upstream:track)%00%(upstream:remotename)%00%(upstream:remoteref) refs/heads/main refs/remotes/main [10ms]
2026-05-08 09:29:51.182 [warning] [Git][revParse] Unable to read file: ENOENT: no such file or directory, open '/workspaces/family-monitor/.git/refs/remotes/origin/main'
2026-05-08 09:29:51.183 [info] > git rev-parse refs/remotes/origin/main [1ms]
2026-05-08 09:29:51.229 [info] > git status -z -uall [36ms]
2026-05-08 09:29:51.237 [info] > git for-each-ref --sort -committerdate --format %(refname)%00%(objectname)%00%(*objectname) [21ms]
2026-05-08 09:29:56.261 [info] > git config --get commit.template [4ms]
2026-05-08 09:29:56.275 [info] > git for-each-ref --format=%(refname)%00%(upstream:short)%00%(objectname)%00%(upstream:track)%00%(upstream:remotename)%00%(upstream:remoteref) refs/heads/main refs/remotes/main [1ms]
2026-05-08 09:29:56.288 [warning] [Git][revParse] Unable to read file: ENOENT: no such file or directory, open '/workspaces/family-monitor/.git/refs/remotes/origin/main'
2026-05-08 09:29:56.289 [info] > git rev-parse refs/remotes/origin/main [2ms]
2026-05-08 09:29:56.317 [info] > git status -z -uall [16ms]
2026-05-08 09:29:56.318 [info] > git for-each-ref --sort -committerdate --format %(refname)%00%(objectname)%00%(*objectname) [2ms]
2026-05-08 09:30:03.681 [info] > git config --local -l [3ms]
2026-05-08 09:30:03.784 [info] > git config --local -l [4ms]
2026-05-08 09:31:07.353 [info] > git config --get commit.template [6ms]
2026-05-08 09:31:07.798 [info] > git for-each-ref --format=%(refname)%00%(upstream:short)%00%(objectname)%00%(upstream:track)%00%(upstream:remotename)%00%(upstream:remoteref) refs/heads/main refs/remotes/main [2ms]
2026-05-08 09:31:07.806 [warning] [Git][revParse] Unable to read file: ENOENT: no such file or directory, open '/workspaces/family-monitor/.git/refs/remotes/origin/main'
2026-05-08 09:31:07.808 [info] > git rev-parse refs/remotes/origin/main [2ms]
2026-05-08 09:31:07.829 [info] > git status -z -uall [12ms]
2026-05-08 09:31:07.832 [info] > git for-each-ref --sort -committerdate --format %(refname)%00%(objectname)%00%(*objectname) [5ms]
2026-05-08 09:31:12.897 [info] > git config --get commit.template [27ms]
2026-05-08 09:31:12.898 [info] > git for-each-ref --format=%(refname)%00%(upstream:short)%00%(objectname)%00%(upstream:track)%00%(upstream:remotename)%00%(upstream:remoteref) refs/heads/main refs/remotes/main [7ms]
2026-05-08 09:31:12.936 [warning] [Git][revParse] Unable to read file: ENOENT: no such file or directory, open '/workspaces/family-monitor/.git/refs/remotes/origin/main'
2026-05-08 09:31:12.937 [info] > git rev-parse refs/remotes/origin/main [2ms]
2026-05-08 09:31:13.011 [info] > git status -z -uall [38ms]
2026-05-08 09:31:13.020 [info] > git for-each-ref --sort -committerdate --format %(refname)%00%(objectname)%00%(*objectname) [15ms]
2026-05-08 09:31:18.122 [info] > git config --get commit.template [46ms]
2026-05-08 09:31:18.134 [info] > git for-each-ref --format=%(refname)%00%(upstream:short)%00%(objectname)%00%(upstream:track)%00%(upstream:remotename)%00%(upstream:remoteref) refs/heads/main refs/remotes/main [12ms]
2026-05-08 09:31:18.175 [warning] [Git][revParse] Unable to read file: ENOENT: no such file or directory, open '/workspaces/family-monitor/.git/refs/remotes/origin/main'
2026-05-08 09:31:18.179 [info] > git rev-parse refs/remotes/origin/main [5ms]
2026-05-08 09:31:18.258 [info] > git status -z -uall [34ms]
2026-05-08 09:31:18.264 [info] > git for-each-ref --sort -committerdate --format %(refname)%00%(objectname)%00%(*objectname) [6ms]
2026-05-08 09:31:23.288 [info] > git config --get commit.template [14ms]
2026-05-08 09:31:23.290 [info] > git for-each-ref --format=%(refname)%00%(upstream:short)%00%(objectname)%00%(upstream:track)%00%(upstream:remotename)%00%(upstream:remoteref) refs/heads/main refs/remotes/main [3ms]
2026-05-08 09:31:23.298 [warning] [Git][revParse] Unable to read file: ENOENT: no such file or directory, open '/workspaces/family-monitor/.git/refs/remotes/origin/main'
2026-05-08 09:31:23.299 [info] > git rev-parse refs/remotes/origin/main [1ms]
2026-05-08 09:31:23.322 [info] > git status -z -uall [14ms]
2026-05-08 09:31:23.330 [info] > git for-each-ref --sort -committerdate --format %(refname)%00%(objectname)%00%(*objectname) [11ms]
2026-05-08 09:31:31.826 [info] > git config --get commit.template [1ms]
2026-05-08 09:31:31.841 [info] > git for-each-ref --format=%(refname)%00%(upstream:short)%00%(objectname)%00%(upstream:track)%00%(upstream:remotename)%00%(upstream:remoteref) refs/heads/main refs/remotes/main [1ms]
2026-05-08 09:31:31.855 [warning] [Git][revParse] Unable to read file: ENOENT: no such file or directory, open '/workspaces/family-monitor/.git/refs/remotes/origin/main'
2026-05-08 09:31:31.856 [info] > git rev-parse refs/remotes/origin/main [1ms]
2026-05-08 09:31:31.885 [info] > git status -z -uall [15ms]
2026-05-08 09:31:31.888 [info] > git for-each-ref --sort -committerdate --format %(refname)%00%(objectname)%00%(*objectname) [3ms]
2026-05-08 09:31:56.837 [info] > git config --get commit.template [3ms]
2026-05-08 09:31:56.865 [info] > git for-each-ref --format=%(refname)%00%(upstream:short)%00%(objectname)%00%(upstream:track)%00%(upstream:remotename)%00%(upstream:remoteref) refs/heads/main refs/remotes/main [5ms]
2026-05-08 09:31:56.881 [warning] [Git][revParse] Unable to read file: ENOENT: no such file or directory, open '/workspaces/family-monitor/.git/refs/remotes/origin/main'
2026-05-08 09:31:56.883 [info] > git rev-parse refs/remotes/origin/main [2ms]
2026-05-08 09:31:56.916 [info] > git status -z -uall [19ms]
2026-05-08 09:31:56.919 [info] > git for-each-ref --sort -committerdate --format %(refname)%00%(objectname)%00%(*objectname) [4ms]
2026-05-08 09:32:06.509 [info] > git config --get commit.template [31ms]
2026-05-08 09:32:06.518 [info] > git for-each-ref --format=%(refname)%00%(upstream:short)%00%(objectname)%00%(upstream:track)%00%(upstream:remotename)%00%(upstream:remoteref) refs/heads/main refs/remotes/main [10ms]
2026-05-08 09:32:06.542 [warning] [Git][revParse] Unable to read file: ENOENT: no such file or directory, open '/workspaces/family-monitor/.git/refs/remotes/origin/main'
2026-05-08 09:32:06.551 [info] > git rev-parse refs/remotes/origin/main [9ms]
2026-05-08 09:32:06.618 [info] > git status -z -uall [35ms]
2026-05-08 09:32:06.650 [info] > git for-each-ref --sort -committerdate --format %(refname)%00%(objectname)%00%(*objectname) [39ms]
2026-05-08 09:32:11.671 [info] > git config --get commit.template [4ms]
2026-05-08 09:32:11.686 [info] > git for-each-ref --format=%(refname)%00%(upstream:short)%00%(objectname)%00%(upstream:track)%00%(upstream:remotename)%00%(upstream:remoteref) refs/heads/main refs/remotes/main [2ms]
2026-05-08 09:32:11.697 [warning] [Git][revParse] Unable to read file: ENOENT: no such file or directory, open '/workspaces/family-monitor/.git/refs/remotes/origin/main'
2026-05-08 09:32:11.702 [info] > git rev-parse refs/remotes/origin/main [5ms]
2026-05-08 09:32:11.736 [info] > git status -z -uall [21ms]
2026-05-08 09:32:11.743 [info] > git for-each-ref --sort -committerdate --format %(refname)%00%(objectname)%00%(*objectname) [10ms]
2026-05-08 09:32:36.601 [info] > git config --get commit.template [6ms]
2026-05-08 09:32:36.615 [info] > git for-each-ref --format=%(refname)%00%(upstream:short)%00%(objectname)%00%(upstream:track)%00%(upstream:remotename)%00%(upstream:remoteref) refs/heads/main refs/remotes/main [3ms]
2026-05-08 09:32:36.623 [warning] [Git][revParse] Unable to read file: ENOENT: no such file or directory, open '/workspaces/family-monitor/.git/refs/remotes/origin/main'
2026-05-08 09:32:36.625 [info] > git rev-parse refs/remotes/origin/main [3ms]
2026-05-08 09:32:36.643 [info] > git status -z -uall [11ms]
2026-05-08 09:32:36.645 [info] > git for-each-ref --sort -committerdate --format %(refname)%00%(objectname)%00%(*objectname) [3ms]
2026-05-08 09:32:41.697 [info] > git config --get commit.template [3ms]
2026-05-08 09:32:41.709 [info] > git for-each-ref --format=%(refname)%00%(upstream:short)%00%(objectname)%00%(upstream:track)%00%(upstream:remotename)%00%(upstream:remoteref) refs/heads/main refs/remotes/main [3ms]
2026-05-08 09:32:41.717 [warning] [Git][revParse] Unable to read file: ENOENT: no such file or directory, open '/workspaces/family-monitor/.git/refs/remotes/origin/main'
2026-05-08 09:32:41.719 [info] > git rev-parse refs/remotes/origin/main [2ms]
2026-05-08 09:32:41.741 [info] > git status -z -uall [15ms]
2026-05-08 09:32:41.743 [info] > git for-each-ref --sort -committerdate --format %(refname)%00%(objectname)%00%(*objectname) [5ms]
2026-05-08 09:33:06.440 [info] > git config --get commit.template [5ms]
2026-05-08 09:33:06.492 [info] > git for-each-ref --format=%(refname)%00%(upstream:short)%00%(objectname)%00%(upstream:track)%00%(upstream:remotename)%00%(upstream:remoteref) refs/heads/main refs/remotes/main [13ms]
2026-05-08 09:33:06.523 [warning] [Git][revParse] Unable to read file: ENOENT: no such file or directory, open '/workspaces/family-monitor/.git/refs/remotes/origin/main'
2026-05-08 09:33:06.525 [info] > git rev-parse refs/remotes/origin/main [4ms]
2026-05-08 09:33:06.585 [info] > git for-each-ref --sort -committerdate --format %(refname)%00%(objectname)%00%(*objectname) [3ms]
2026-05-08 09:33:06.587 [info] > git status -z -uall [32ms]
2026-05-08 09:33:47.089 [info] > git config --get commit.template [77ms]
2026-05-08 09:33:47.095 [info] > git for-each-ref --format=%(refname)%00%(upstream:short)%00%(objectname)%00%(upstream:track)%00%(upstream:remotename)%00%(upstream:remoteref) refs/heads/main refs/remotes/main [9ms]
2026-05-08 09:33:47.129 [warning] [Git][revParse] Unable to read file: ENOENT: no such file or directory, open '/workspaces/family-monitor/.git/refs/remotes/origin/main'
2026-05-08 09:33:47.135 [info] > git rev-parse refs/remotes/origin/main [5ms]
2026-05-08 09:33:47.212 [info] > git status -z -uall [38ms]
2026-05-08 09:33:47.224 [info] > git for-each-ref --sort -committerdate --format %(refname)%00%(objectname)%00%(*objectname) [15ms]
2026-05-08 09:34:35.631 [info] > git config --get commit.template [4ms]
2026-05-08 09:34:35.662 [info] > git for-each-ref --format=%(refname)%00%(upstream:short)%00%(objectname)%00%(upstream:track)%00%(upstream:remotename)%00%(upstream:remoteref) refs/heads/main refs/remotes/main [6ms]
2026-05-08 09:34:35.685 [warning] [Git][revParse] Unable to read file: ENOENT: no such file or directory, open '/workspaces/family-monitor/.git/refs/remotes/origin/main'
2026-05-08 09:34:35.690 [info] > git rev-parse refs/remotes/origin/main [4ms]
2026-05-08 09:34:35.740 [info] > git status -z -uall [31ms]
2026-05-08 09:34:35.744 [info] > git for-each-ref --sort -committerdate --format %(refname)%00%(objectname)%00%(*objectname) [7ms]
2026-05-08 09:35:01.547 [info] > git config --get commit.template [46ms]
2026-05-08 09:35:01.550 [info] > git for-each-ref --format=%(refname)%00%(upstream:short)%00%(objectname)%00%(upstream:track)%00%(upstream:remotename)%00%(upstream:remoteref) refs/heads/main refs/remotes/main [13ms]
2026-05-08 09:35:01.581 [warning] [Git][revParse] Unable to read file: ENOENT: no such file or directory, open '/workspaces/family-monitor/.git/refs/remotes/origin/main'
2026-05-08 09:35:01.585 [info] > git rev-parse refs/remotes/origin/main [5ms]
2026-05-08 09:35:01.641 [info] > git status -z -uall [34ms]
2026-05-08 09:35:01.650 [info] > git for-each-ref --sort -committerdate --format %(refname)%00%(objectname)%00%(*objectname) [16ms]
2026-05-08 09:35:05.167 [info] > git config --local -l [7ms]
2026-05-08 09:35:05.322 [info] > git config --local -l [13ms]
2026-05-08 09:35:33.306 [info] > git config --get commit.template [3ms]
2026-05-08 09:35:33.321 [info] > git for-each-ref --format=%(refname)%00%(upstream:short)%00%(objectname)%00%(upstream:track)%00%(upstream:remotename)%00%(upstream:remoteref) refs/heads/main refs/remotes/main [5ms]
2026-05-08 09:35:33.329 [warning] [Git][revParse] Unable to read file: ENOENT: no such file or directory, open '/workspaces/family-monitor/.git/refs/remotes/origin/main'
2026-05-08 09:35:33.330 [info] > git rev-parse refs/remotes/origin/main [1ms]
2026-05-08 09:35:33.350 [info] > git for-each-ref --sort -committerdate --format %(refname)%00%(objectname)%00%(*objectname) [2ms]
2026-05-08 09:35:33.352 [info] > git status -z -uall [15ms]
2026-05-08 09:37:15.266 [info] > git config --get commit.template [2322ms]
2026-05-08 09:37:15.728 [info] > git for-each-ref --format=%(refname)%00%(upstream:short)%00%(objectname)%00%(upstream:track)%00%(upstream:remotename)%00%(upstream:remoteref) refs/heads/main refs/remotes/main [2524ms]
2026-05-08 09:37:15.740 [warning] [Git][revParse] Unable to read file: ENOENT: no such file or directory, open '/workspaces/family-monitor/.git/refs/remotes/origin/main'
2026-05-08 09:37:15.746 [info] > git rev-parse refs/remotes/origin/main [6ms]
2026-05-08 09:37:15.835 [info] > git for-each-ref --sort -committerdate --format %(refname)%00%(objectname)%00%(*objectname) [21ms]
2026-05-08 09:37:16.319 [info] > git status -z -uall [548ms]
2026-05-08 09:40:07.190 [info] > git config --local -l [168ms]
2026-05-08 09:40:11.244 [info] > git config --local -l [14ms]
2026-05-08 09:46:46.634 [info] > git config --local -l [2ms]
2026-05-08 09:49:30.110 [info] > git config --local -l [19ms]
2026-05-08 09:49:30.119 [info] > git config --get commit.template [10ms]
2026-05-08 09:49:30.139 [info] > git for-each-ref --format=%(refname)%00%(upstream:short)%00%(objectname)%00%(upstream:track)%00%(upstream:remotename)%00%(upstream:remoteref) refs/heads/main refs/remotes/main [5ms]
2026-05-08 09:49:30.154 [warning] [Git][revParse] Unable to read file: ENOENT: no such file or directory, open '/workspaces/family-monitor/.git/refs/remotes/origin/main'
2026-05-08 09:49:30.158 [info] > git rev-parse refs/remotes/origin/main [4ms]
2026-05-08 09:49:30.200 [info] > git for-each-ref --sort -committerdate --format %(refname)%00%(objectname)%00%(*objectname) [10ms]
2026-05-08 09:49:30.259 [info] > git status -z -uall [85ms]
2026-05-08 09:50:26.980 [info] > git config --get commit.template [26ms]
2026-05-08 09:50:26.990 [info] > git for-each-ref --format=%(refname)%00%(upstream:short)%00%(objectname)%00%(upstream:track)%00%(upstream:remotename)%00%(upstream:remoteref) refs/heads/main refs/remotes/main [11ms]
2026-05-08 09:50:27.018 [warning] [Git][revParse] Unable to read file: ENOENT: no such file or directory, open '/workspaces/family-monitor/.git/refs/remotes/origin/main'
2026-05-08 09:50:27.022 [info] > git rev-parse refs/remotes/origin/main [4ms]
2026-05-08 09:50:27.085 [info] > git status -z -uall [48ms]
2026-05-08 09:50:27.094 [info] > git for-each-ref --sort -committerdate --format %(refname)%00%(objectname)%00%(*objectname) [16ms]
2026-05-08 09:53:46.644 [info] > git config --local -l [4ms]
2026-05-08 09:54:05.002 [info] > git config --local -l [3ms]
2026-05-08 09:54:05.127 [info] > git config --get commit.template [34ms]
2026-05-08 09:54:05.177 [info] > git for-each-ref --format=%(refname)%00%(upstream:short)%00%(objectname)%00%(upstream:track)%00%(upstream:remotename)%00%(upstream:remoteref) refs/heads/main refs/remotes/main [52ms]
2026-05-08 09:54:05.189 [warning] [Git][revParse] Unable to read file: ENOENT: no such file or directory, open '/workspaces/family-monitor/.git/refs/remotes/origin/main'
2026-05-08 09:54:05.191 [info] > git rev-parse refs/remotes/origin/main [3ms]
2026-05-08 09:54:05.241 [info] > git for-each-ref --sort -committerdate --format %(refname)%00%(objectname)%00%(*objectname) [15ms]
2026-05-08 09:54:05.270 [info] > git status -z -uall [68ms]
2026-05-08 09:54:10.288 [info] > git config --get commit.template [4ms]
2026-05-08 09:54:10.307 [info] > git for-each-ref --format=%(refname)%00%(upstream:short)%00%(objectname)%00%(upstream:track)%00%(upstream:remotename)%00%(upstream:remoteref) refs/heads/main refs/remotes/main [4ms]
2026-05-08 09:54:10.317 [warning] [Git][revParse] Unable to read file: ENOENT: no such file or directory, open '/workspaces/family-monitor/.git/refs/remotes/origin/main'
2026-05-08 09:54:10.320 [info] > git rev-parse refs/remotes/origin/main [3ms]
2026-05-08 09:54:10.348 [info] > git status -z -uall [17ms]
2026-05-08 09:54:10.351 [info] > git for-each-ref --sort -committerdate --format %(refname)%00%(objectname)%00%(*objectname) [5ms]
2026-05-08 09:54:21.183 [info] > git config --get commit.template [22ms]
2026-05-08 09:54:21.187 [info] > git for-each-ref --format=%(refname)%00%(upstream:short)%00%(objectname)%00%(upstream:track)%00%(upstream:remotename)%00%(upstream:remoteref) refs/heads/main refs/remotes/main [7ms]
2026-05-08 09:54:21.219 [warning] [Git][revParse] Unable to read file: ENOENT: no such file or directory, open '/workspaces/family-monitor/.git/refs/remotes/origin/main'
2026-05-08 09:54:21.229 [info] > git rev-parse refs/remotes/origin/main [10ms]
2026-05-08 09:54:21.302 [info] > git status -z -uall [48ms]
2026-05-08 09:54:21.311 [info] > git for-each-ref --sort -committerdate --format %(refname)%00%(objectname)%00%(*objectname) [10ms]
2026-05-08 09:54:29.746 [info] > git config --get commit.template [42ms]
2026-05-08 09:54:29.756 [info] > git for-each-ref --format=%(refname)%00%(upstream:short)%00%(objectname)%00%(upstream:track)%00%(upstream:remotename)%00%(upstream:remoteref) refs/heads/main refs/remotes/main [15ms]
2026-05-08 09:54:29.784 [warning] [Git][revParse] Unable to read file: ENOENT: no such file or directory, open '/workspaces/family-monitor/.git/refs/remotes/origin/main'
2026-05-08 09:54:29.786 [info] > git rev-parse refs/remotes/origin/main [2ms]
2026-05-08 09:54:29.837 [info] > git status -z -uall [34ms]
2026-05-08 09:54:29.846 [info] > git for-each-ref --sort -committerdate --format %(refname)%00%(objectname)%00%(*objectname) [12ms]
2026-05-08 09:54:34.893 [info] > git config --get commit.template [10ms]
2026-05-08 09:54:34.949 [info] > git for-each-ref --format=%(refname)%00%(upstream:short)%00%(objectname)%00%(upstream:track)%00%(upstream:remotename)%00%(upstream:remoteref) refs/heads/main refs/remotes/main [16ms]
2026-05-08 09:54:34.983 [warning] [Git][revParse] Unable to read file: ENOENT: no such file or directory, open '/workspaces/family-monitor/.git/refs/remotes/origin/main'
2026-05-08 09:54:34.988 [info] > git rev-parse refs/remotes/origin/main [5ms]
2026-05-08 09:54:35.101 [info] > git status -z -uall [56ms]
2026-05-08 09:54:35.102 [info] > git for-each-ref --sort -committerdate --format %(refname)%00%(objectname)%00%(*objectname) [6ms]
2026-05-08 09:55:16.352 [info] > git config --get commit.template [1ms]
2026-05-08 09:55:16.367 [info] > git for-each-ref --format=%(refname)%00%(upstream:short)%00%(objectname)%00%(upstream:track)%00%(upstream:remotename)%00%(upstream:remoteref) refs/heads/main refs/remotes/main [4ms]
2026-05-08 09:55:16.378 [warning] [Git][revParse] Unable to read file: ENOENT: no such file or directory, open '/workspaces/family-monitor/.git/refs/remotes/origin/main'
2026-05-08 09:55:16.380 [info] > git rev-parse refs/remotes/origin/main [2ms]
2026-05-08 09:55:16.419 [info] > git for-each-ref --sort -committerdate --format %(refname)%00%(objectname)%00%(*objectname) [10ms]
2026-05-08 09:55:16.431 [info] > git status -z -uall [40ms]
2026-05-08 09:55:21.447 [info] > git config --get commit.template [2ms]
2026-05-08 09:55:21.468 [info] > git for-each-ref --format=%(refname)%00%(upstream:short)%00%(objectname)%00%(upstream:track)%00%(upstream:remotename)%00%(upstream:remoteref) refs/heads/main refs/remotes/main [4ms]
2026-05-08 09:55:21.484 [warning] [Git][revParse] Unable to read file: ENOENT: no such file or directory, open '/workspaces/family-monitor/.git/refs/remotes/origin/main'
2026-05-08 09:55:21.486 [info] > git rev-parse refs/remotes/origin/main [2ms]
2026-05-08 09:55:21.522 [info] > git status -z -uall [22ms]
2026-05-08 09:55:21.530 [info] > git for-each-ref --sort -committerdate --format %(refname)%00%(objectname)%00%(*objectname) [9ms]
2026-05-08 09:55:45.363 [info] > git config --get commit.template [4ms]
2026-05-08 09:55:45.377 [info] > git for-each-ref --format=%(refname)%00%(upstream:short)%00%(objectname)%00%(upstream:track)%00%(upstream:remotename)%00%(upstream:remoteref) refs/heads/main refs/remotes/main [3ms]
2026-05-08 09:55:45.387 [warning] [Git][revParse] Unable to read file: ENOENT: no such file or directory, open '/workspaces/family-monitor/.git/refs/remotes/origin/main'
2026-05-08 09:55:45.390 [info] > git rev-parse refs/remotes/origin/main [3ms]
2026-05-08 09:55:45.420 [info] > git status -z -uall [19ms]
2026-05-08 09:55:45.426 [info] > git for-each-ref --sort -committerdate --format %(refname)%00%(objectname)%00%(*objectname) [10ms]
2026-05-08 09:57:01.567 [info] > git config --get commit.template [21ms]
2026-05-08 09:57:01.568 [info] > git for-each-ref --format=%(refname)%00%(upstream:short)%00%(objectname)%00%(upstream:track)%00%(upstream:remotename)%00%(upstream:remoteref) refs/heads/main refs/remotes/main [5ms]
2026-05-08 09:57:01.584 [warning] [Git][revParse] Unable to read file: ENOENT: no such file or directory, open '/workspaces/family-monitor/.git/refs/remotes/origin/main'
2026-05-08 09:57:01.586 [info] > git rev-parse refs/remotes/origin/main [2ms]
2026-05-08 09:57:01.621 [info] > git status -z -uall [18ms]
2026-05-08 09:57:01.624 [info] > git for-each-ref --sort -committerdate --format %(refname)%00%(objectname)%00%(*objectname) [4ms]
2026-05-08 09:57:08.967 [info] > git config --get commit.template [28ms]
2026-05-08 09:57:08.968 [info] > git for-each-ref --format=%(refname)%00%(upstream:short)%00%(objectname)%00%(upstream:track)%00%(upstream:remotename)%00%(upstream:remoteref) refs/heads/main refs/remotes/main [4ms]
2026-05-08 09:57:08.981 [warning] [Git][revParse] Unable to read file: ENOENT: no such file or directory, open '/workspaces/family-monitor/.git/refs/remotes/origin/main'
2026-05-08 09:57:08.984 [info] > git rev-parse refs/remotes/origin/main [3ms]
2026-05-08 09:57:09.025 [info] > git status -z -uall [27ms]
2026-05-08 09:57:09.027 [info] > git for-each-ref --sort -committerdate --format %(refname)%00%(objectname)%00%(*objectname) [8ms]
2026-05-08 09:57:19.212 [info] > git config --get commit.template [21ms]
2026-05-08 09:57:19.214 [info] > git for-each-ref --format=%(refname)%00%(upstream:short)%00%(objectname)%00%(upstream:track)%00%(upstream:remotename)%00%(upstream:remoteref) refs/heads/main refs/remotes/main [3ms]
2026-05-08 09:57:19.232 [warning] [Git][revParse] Unable to read file: ENOENT: no such file or directory, open '/workspaces/family-monitor/.git/refs/remotes/origin/main'
2026-05-08 09:57:19.236 [info] > git rev-parse refs/remotes/origin/main [4ms]
2026-05-08 09:57:19.280 [info] > git status -z -uall [29ms]
2026-05-08 09:57:19.284 [info] > git for-each-ref --sort -committerdate --format %(refname)%00%(objectname)%00%(*objectname) [6ms]
2026-05-08 09:57:26.408 [info] > git config --get commit.template [4ms]
2026-05-08 09:57:26.426 [info] > git for-each-ref --format=%(refname)%00%(upstream:short)%00%(objectname)%00%(upstream:track)%00%(upstream:remotename)%00%(upstream:remoteref) refs/heads/main refs/remotes/main [4ms]
2026-05-08 09:57:26.435 [warning] [Git][revParse] Unable to read file: ENOENT: no such file or directory, open '/workspaces/family-monitor/.git/refs/remotes/origin/main'
2026-05-08 09:57:26.438 [info] > git rev-parse refs/remotes/origin/main [2ms]
2026-05-08 09:57:26.465 [info] > git status -z -uall [17ms]
2026-05-08 09:57:26.467 [info] > git for-each-ref --sort -committerdate --format %(refname)%00%(objectname)%00%(*objectname) [3ms]
2026-05-08 09:57:36.690 [info] > git config --get commit.template [2ms]
2026-05-08 09:57:36.758 [info] > git for-each-ref --format=%(refname)%00%(upstream:short)%00%(objectname)%00%(upstream:track)%00%(upstream:remotename)%00%(upstream:remoteref) refs/heads/main refs/remotes/main [15ms]
2026-05-08 09:57:36.806 [warning] [Git][revParse] Unable to read file: ENOENT: no such file or directory, open '/workspaces/family-monitor/.git/refs/remotes/origin/main'
2026-05-08 09:57:36.810 [info] > git rev-parse refs/remotes/origin/main [5ms]
2026-05-08 09:57:36.907 [info] > git status -z -uall [61ms]
2026-05-08 09:57:36.918 [info] > git for-each-ref --sort -committerdate --format %(refname)%00%(objectname)%00%(*objectname) [16ms]
2026-05-08 09:57:45.155 [info] > git config --get commit.template [57ms]
2026-05-08 09:57:45.174 [info] > git for-each-ref --format=%(refname)%00%(upstream:short)%00%(objectname)%00%(upstream:track)%00%(upstream:remotename)%00%(upstream:remoteref) refs/heads/main refs/remotes/main [22ms]
2026-05-08 09:57:45.227 [warning] [Git][revParse] Unable to read file: ENOENT: no such file or directory, open '/workspaces/family-monitor/.git/refs/remotes/origin/main'
2026-05-08 09:57:45.235 [info] > git rev-parse refs/remotes/origin/main [9ms]
2026-05-08 09:57:45.342 [info] > git status -z -uall [57ms]
2026-05-08 09:57:45.364 [info] > git for-each-ref --sort -committerdate --format %(refname)%00%(objectname)%00%(*objectname) [23ms]
2026-05-08 09:57:53.149 [info] > git config --get commit.template [6ms]
2026-05-08 09:57:53.163 [info] > git for-each-ref --format=%(refname)%00%(upstream:short)%00%(objectname)%00%(upstream:track)%00%(upstream:remotename)%00%(upstream:remoteref) refs/heads/main refs/remotes/main [3ms]
2026-05-08 09:57:53.173 [warning] [Git][revParse] Unable to read file: ENOENT: no such file or directory, open '/workspaces/family-monitor/.git/refs/remotes/origin/main'
2026-05-08 09:57:53.176 [info] > git rev-parse refs/remotes/origin/main [3ms]
2026-05-08 09:57:53.205 [info] > git status -z -uall [18ms]
2026-05-08 09:57:53.215 [info] > git for-each-ref --sort -committerdate --format %(refname)%00%(objectname)%00%(*objectname) [10ms]
2026-05-08 09:58:52.312 [info] > git config --get commit.template [6ms]
2026-05-08 09:58:52.352 [info] > git for-each-ref --format=%(refname)%00%(upstream:short)%00%(objectname)%00%(upstream:track)%00%(upstream:remotename)%00%(upstream:remoteref) refs/heads/main refs/remotes/main [5ms]
2026-05-08 09:58:52.377 [warning] [Git][revParse] Unable to read file: ENOENT: no such file or directory, open '/workspaces/family-monitor/.git/refs/remotes/origin/main'
2026-05-08 09:58:52.383 [info] > git rev-parse refs/remotes/origin/main [6ms]
2026-05-08 09:58:52.495 [info] > git status -z -uall [53ms]
2026-05-08 09:58:52.508 [info] > git for-each-ref --sort -committerdate --format %(refname)%00%(objectname)%00%(*objectname) [27ms]
2026-05-08 09:58:57.580 [info] > git config --get commit.template [5ms]
2026-05-08 09:58:57.629 [info] > git for-each-ref --format=%(refname)%00%(upstream:short)%00%(objectname)%00%(upstream:track)%00%(upstream:remotename)%00%(upstream:remoteref) refs/heads/main refs/remotes/main [6ms]
2026-05-08 09:58:57.658 [warning] [Git][revParse] Unable to read file: ENOENT: no such file or directory, open '/workspaces/family-monitor/.git/refs/remotes/origin/main'
2026-05-08 09:58:57.662 [info] > git rev-parse refs/remotes/origin/main [5ms]
2026-05-08 09:58:57.729 [info] > git status -z -uall [40ms]
2026-05-08 09:58:57.734 [info] > git for-each-ref --sort -committerdate --format %(refname)%00%(objectname)%00%(*objectname) [6ms]
2026-05-08 09:59:02.800 [info] > git config --get commit.template [11ms]
2026-05-08 09:59:02.844 [info] > git for-each-ref --format=%(refname)%00%(upstream:short)%00%(objectname)%00%(upstream:track)%00%(upstream:remotename)%00%(upstream:remoteref) refs/heads/main refs/remotes/main [8ms]
2026-05-08 09:59:02.890 [warning] [Git][revParse] Unable to read file: ENOENT: no such file or directory, open '/workspaces/family-monitor/.git/refs/remotes/origin/main'
2026-05-08 09:59:02.899 [info] > git rev-parse refs/remotes/origin/main [9ms]
2026-05-08 09:59:02.991 [info] > git status -z -uall [60ms]
2026-05-08 09:59:03.005 [info] > git for-each-ref --sort -committerdate --format %(refname)%00%(objectname)%00%(*objectname) [18ms]
2026-05-08 09:59:06.957 [info] > git config --local -l [4ms]
2026-05-08 09:59:07.057 [info] > git config --local -l [3ms]
2026-05-08 09:59:08.028 [info] > git config --get commit.template [1ms]
2026-05-08 09:59:08.067 [info] > git for-each-ref --format=%(refname)%00%(upstream:short)%00%(objectname)%00%(upstream:track)%00%(upstream:remotename)%00%(upstream:remoteref) refs/heads/main refs/remotes/main [2ms]
2026-05-08 09:59:08.099 [warning] [Git][revParse] Unable to read file: ENOENT: no such file or directory, open '/workspaces/family-monitor/.git/refs/remotes/origin/main'
2026-05-08 09:59:08.104 [info] > git rev-parse refs/remotes/origin/main [5ms]
2026-05-08 09:59:08.177 [info] > git status -z -uall [48ms]
2026-05-08 09:59:08.181 [info] > git for-each-ref --sort -committerdate --format %(refname)%00%(objectname)%00%(*objectname) [10ms]
2026-05-08 10:00:05.683 [info] > git config --get commit.template [4ms]
2026-05-08 10:00:05.695 [info] > git for-each-ref --format=%(refname)%00%(upstream:short)%00%(objectname)%00%(upstream:track)%00%(upstream:remotename)%00%(upstream:remoteref) refs/heads/main refs/remotes/main [2ms]
2026-05-08 10:00:05.707 [warning] [Git][revParse] Unable to read file: ENOENT: no such file or directory, open '/workspaces/family-monitor/.git/refs/remotes/origin/main'
2026-05-08 10:00:05.710 [info] > git rev-parse refs/remotes/origin/main [3ms]
2026-05-08 10:00:05.741 [info] > git status -z -uall [18ms]
2026-05-08 10:00:05.746 [info] > git for-each-ref --sort -committerdate --format %(refname)%00%(objectname)%00%(*objectname) [6ms]
2026-05-08 10:00:28.514 [info] > git config --get commit.template [3ms]
2026-05-08 10:00:28.525 [info] > git for-each-ref --format=%(refname)%00%(upstream:short)%00%(objectname)%00%(upstream:track)%00%(upstream:remotename)%00%(upstream:remoteref) refs/heads/main refs/remotes/main [1ms]
2026-05-08 10:00:28.535 [warning] [Git][revParse] Unable to read file: ENOENT: no such file or directory, open '/workspaces/family-monitor/.git/refs/remotes/origin/main'
2026-05-08 10:00:28.535 [info] > git rev-parse refs/remotes/origin/main [0ms]
2026-05-08 10:00:28.560 [info] > git status -z -uall [15ms]
2026-05-08 10:00:28.562 [info] > git for-each-ref --sort -committerdate --format %(refname)%00%(objectname)%00%(*objectname) [5ms]
2026-05-08 10:00:37.185 [info] > git config --get commit.template [19ms]
2026-05-08 10:00:37.186 [info] > git for-each-ref --format=%(refname)%00%(upstream:short)%00%(objectname)%00%(upstream:track)%00%(upstream:remotename)%00%(upstream:remoteref) refs/heads/main refs/remotes/main [5ms]
2026-05-08 10:00:37.206 [warning] [Git][revParse] Unable to read file: ENOENT: no such file or directory, open '/workspaces/family-monitor/.git/refs/remotes/origin/main'
2026-05-08 10:00:37.213 [info] > git rev-parse refs/remotes/origin/main [7ms]
2026-05-08 10:00:37.277 [info] > git status -z -uall [28ms]
2026-05-08 10:00:37.285 [info] > git for-each-ref --sort -committerdate --format %(refname)%00%(objectname)%00%(*objectname) [9ms]
2026-05-08 10:00:50.871 [info] > git config --get commit.template [5ms]
2026-05-08 10:00:50.888 [info] > git for-each-ref --format=%(refname)%00%(upstream:short)%00%(objectname)%00%(upstream:track)%00%(upstream:remotename)%00%(upstream:remoteref) refs/heads/main refs/remotes/main [4ms]
2026-05-08 10:00:50.900 [warning] [Git][revParse] Unable to read file: ENOENT: no such file or directory, open '/workspaces/family-monitor/.git/refs/remotes/origin/main'
2026-05-08 10:00:50.902 [info] > git rev-parse refs/remotes/origin/main [2ms]
2026-05-08 10:00:50.945 [info] > git for-each-ref --sort -committerdate --format %(refname)%00%(objectname)%00%(*objectname) [4ms]
2026-05-08 10:00:50.952 [info] > git status -z -uall [35ms]
2026-05-08 10:00:55.968 [info] > git config --get commit.template [2ms]
2026-05-08 10:00:55.979 [info] > git for-each-ref --format=%(refname)%00%(upstream:short)%00%(objectname)%00%(upstream:track)%00%(upstream:remotename)%00%(upstream:remoteref) refs/heads/main refs/remotes/main [2ms]
2026-05-08 10:00:55.987 [warning] [Git][revParse] Unable to read file: ENOENT: no such file or directory, open '/workspaces/family-monitor/.git/refs/remotes/origin/main'
2026-05-08 10:00:55.988 [info] > git rev-parse refs/remotes/origin/main [1ms]
2026-05-08 10:00:56.011 [info] > git status -z -uall [15ms]
2026-05-08 10:00:56.013 [info] > git for-each-ref --sort -committerdate --format %(refname)%00%(objectname)%00%(*objectname) [5ms]
2026-05-08 10:04:08.638 [info] > git config --local -l [0ms]
2026-05-08 10:04:11.113 [info] > git config --local -l [5ms]
2026-05-08 10:15:10.135 [info] > git for-each-ref --format=%(refname)%00%(upstream:short)%00%(objectname)%00%(upstream:track)%00%(upstream:remotename)%00%(upstream:remoteref) refs/heads/main refs/remotes/main [4ms]
2026-05-08 10:15:10.135 [info] > git config --get commit.template [27ms]
2026-05-08 10:15:10.145 [warning] [Git][revParse] Unable to read file: ENOENT: no such file or directory, open '/workspaces/family-monitor/.git/refs/remotes/origin/main'
2026-05-08 10:15:10.150 [info] > git rev-parse refs/remotes/origin/main [5ms]
2026-05-08 10:15:10.209 [info] > git status -z -uall [25ms]
2026-05-08 10:15:10.219 [info] > git for-each-ref --sort -committerdate --format %(refname)%00%(objectname)%00%(*objectname) [15ms]
2026-05-08 10:16:08.641 [info] > git config --local -l [1ms]
2026-05-08 10:16:08.777 [info] > git config --local -l [2ms]
2026-05-08 10:18:35.528 [info] > git config --get commit.template [3ms]
2026-05-08 10:18:35.545 [info] > git for-each-ref --format=%(refname)%00%(upstream:short)%00%(objectname)%00%(upstream:track)%00%(upstream:remotename)%00%(upstream:remoteref) refs/heads/main refs/remotes/main [3ms]
2026-05-08 10:18:35.560 [warning] [Git][revParse] Unable to read file: ENOENT: no such file or directory, open '/workspaces/family-monitor/.git/refs/remotes/origin/main'
2026-05-08 10:18:35.563 [info] > git rev-parse refs/remotes/origin/main [2ms]
2026-05-08 10:18:35.596 [info] > git status -z -uall [18ms]
2026-05-08 10:18:35.600 [info] > git for-each-ref --sort -committerdate --format %(refname)%00%(objectname)%00%(*objectname) [5ms]
2026-05-08 10:19:47.487 [info] > git config --get commit.template [19ms]
2026-05-08 10:19:47.488 [info] > git for-each-ref --format=%(refname)%00%(upstream:short)%00%(objectname)%00%(upstream:track)%00%(upstream:remotename)%00%(upstream:remoteref) refs/heads/main refs/remotes/main [2ms]
2026-05-08 10:19:47.504 [warning] [Git][revParse] Unable to read file: ENOENT: no such file or directory, open '/workspaces/family-monitor/.git/refs/remotes/origin/main'
2026-05-08 10:19:47.507 [info] > git rev-parse refs/remotes/origin/main [3ms]
2026-05-08 10:19:47.543 [info] > git status -z -uall [19ms]
2026-05-08 10:19:47.546 [info] > git for-each-ref --sort -committerdate --format %(refname)%00%(objectname)%00%(*objectname) [4ms]
2026-05-08 10:20:55.371 [info] > git config --get commit.template [3ms]
2026-05-08 10:20:55.382 [info] > git for-each-ref --format=%(refname)%00%(upstream:short)%00%(objectname)%00%(upstream:track)%00%(upstream:remotename)%00%(upstream:remoteref) refs/heads/main refs/remotes/main [2ms]
2026-05-08 10:20:55.391 [warning] [Git][revParse] Unable to read file: ENOENT: no such file or directory, open '/workspaces/family-monitor/.git/refs/remotes/origin/main'
2026-05-08 10:20:55.393 [info] > git rev-parse refs/remotes/origin/main [2ms]
2026-05-08 10:20:55.417 [info] > git status -z -uall [14ms]
2026-05-08 10:20:55.422 [info] > git for-each-ref --sort -committerdate --format %(refname)%00%(objectname)%00%(*objectname) [5ms]
2026-05-08 10:21:03.014 [info] > git config --get commit.template [38ms]
2026-05-08 10:21:03.024 [info] > git for-each-ref --format=%(refname)%00%(upstream:short)%00%(objectname)%00%(upstream:track)%00%(upstream:remotename)%00%(upstream:remoteref) refs/heads/main refs/remotes/main [11ms]
2026-05-08 10:21:03.057 [warning] [Git][revParse] Unable to read file: ENOENT: no such file or directory, open '/workspaces/family-monitor/.git/refs/remotes/origin/main'
2026-05-08 10:21:03.062 [info] > git rev-parse refs/remotes/origin/main [5ms]
2026-05-08 10:21:03.126 [info] > git status -z -uall [39ms]
2026-05-08 10:21:03.140 [info] > git for-each-ref --sort -committerdate --format %(refname)%00%(objectname)%00%(*objectname) [19ms]
2026-05-08 10:21:10.531 [info] > git config --local -l [5ms]
2026-05-08 10:21:10.636 [info] > git config --local -l [5ms]
2026-05-08 10:25:47.522 [info] > git config --get commit.template [4ms]
2026-05-08 10:25:47.534 [info] > git for-each-ref --format=%(refname)%00%(upstream:short)%00%(objectname)%00%(upstream:track)%00%(upstream:remotename)%00%(upstream:remoteref) refs/heads/main refs/remotes/main [2ms]
2026-05-08 10:25:47.541 [warning] [Git][revParse] Unable to read file: ENOENT: no such file or directory, open '/workspaces/family-monitor/.git/refs/remotes/origin/main'
2026-05-08 10:25:47.543 [info] > git rev-parse refs/remotes/origin/main [2ms]
2026-05-08 10:25:47.566 [info] > git status -z -uall [13ms]
2026-05-08 10:25:47.577 [info] > git for-each-ref --sort -committerdate --format %(refname)%00%(objectname)%00%(*objectname) [12ms]
2026-05-08 10:25:54.789 [info] > git config --get commit.template [3ms]
2026-05-08 10:25:54.802 [info] > git for-each-ref --format=%(refname)%00%(upstream:short)%00%(objectname)%00%(upstream:track)%00%(upstream:remotename)%00%(upstream:remoteref) refs/heads/main refs/remotes/main [1ms]
2026-05-08 10:25:54.811 [warning] [Git][revParse] Unable to read file: ENOENT: no such file or directory, open '/workspaces/family-monitor/.git/refs/remotes/origin/main'
2026-05-08 10:25:54.813 [info] > git rev-parse refs/remotes/origin/main [2ms]
2026-05-08 10:25:54.857 [info] > git status -z -uall [35ms]
2026-05-08 10:25:54.860 [info] > git for-each-ref --sort -committerdate --format %(refname)%00%(objectname)%00%(*objectname) [13ms]
2026-05-08 10:26:07.769 [info] > git config --get commit.template [1ms]
2026-05-08 10:26:07.789 [info] > git for-each-ref --format=%(refname)%00%(upstream:short)%00%(objectname)%00%(upstream:track)%00%(upstream:remotename)%00%(upstream:remoteref) refs/heads/main refs/remotes/main [2ms]
2026-05-08 10:26:07.801 [warning] [Git][revParse] Unable to read file: ENOENT: no such file or directory, open '/workspaces/family-monitor/.git/refs/remotes/origin/main'
2026-05-08 10:26:07.803 [info] > git rev-parse refs/remotes/origin/main [2ms]
2026-05-08 10:26:07.835 [info] > git status -z -uall [23ms]
2026-05-08 10:26:07.838 [info] > git for-each-ref --sort -committerdate --format %(refname)%00%(objectname)%00%(*objectname) [4ms]
2026-05-08 10:26:12.793 [info] > git config --local -l [3ms]
2026-05-08 10:26:12.859 [info] > git config --get commit.template [3ms]
2026-05-08 10:26:12.870 [info] > git for-each-ref --format=%(refname)%00%(upstream:short)%00%(objectname)%00%(upstream:track)%00%(upstream:remotename)%00%(upstream:remoteref) refs/heads/main refs/remotes/main [3ms]
2026-05-08 10:26:12.884 [warning] [Git][revParse] Unable to read file: ENOENT: no such file or directory, open '/workspaces/family-monitor/.git/refs/remotes/origin/main'
2026-05-08 10:26:12.886 [info] > git rev-parse refs/remotes/origin/main [3ms]
2026-05-08 10:26:12.918 [info] > git status -z -uall [17ms]
2026-05-08 10:26:12.921 [info] > git for-each-ref --sort -committerdate --format %(refname)%00%(objectname)%00%(*objectname) [4ms]
2026-05-08 10:26:12.953 [info] > git config --local -l [4ms]
2026-05-08 10:26:18.922 [info] > git config --get commit.template [22ms]
2026-05-08 10:26:18.930 [info] > git for-each-ref --format=%(refname)%00%(upstream:short)%00%(objectname)%00%(upstream:track)%00%(upstream:remotename)%00%(upstream:remoteref) refs/heads/main refs/remotes/main [9ms]
2026-05-08 10:26:18.945 [warning] [Git][revParse] Unable to read file: ENOENT: no such file or directory, open '/workspaces/family-monitor/.git/refs/remotes/origin/main'
2026-05-08 10:26:18.948 [info] > git rev-parse refs/remotes/origin/main [3ms]
2026-05-08 10:26:18.985 [info] > git status -z -uall [28ms]
2026-05-08 10:26:18.986 [info] > git for-each-ref --sort -committerdate --format %(refname)%00%(objectname)%00%(*objectname) [7ms]
2026-05-08 10:26:24.041 [info] > git config --get commit.template [8ms]
2026-05-08 10:26:24.090 [info] > git for-each-ref --format=%(refname)%00%(upstream:short)%00%(objectname)%00%(upstream:track)%00%(upstream:remotename)%00%(upstream:remoteref) refs/heads/main refs/remotes/main [7ms]
2026-05-08 10:26:24.118 [warning] [Git][revParse] Unable to read file: ENOENT: no such file or directory, open '/workspaces/family-monitor/.git/refs/remotes/origin/main'
2026-05-08 10:26:24.124 [info] > git rev-parse refs/remotes/origin/main [5ms]
2026-05-08 10:26:24.172 [info] > git status -z -uall [29ms]
2026-05-08 10:26:24.175 [info] > git for-each-ref --sort -committerdate --format %(refname)%00%(objectname)%00%(*objectname) [6ms]
2026-05-08 10:26:29.256 [info] > git config --get commit.template [12ms]
2026-05-08 10:26:29.330 [info] > git for-each-ref --format=%(refname)%00%(upstream:short)%00%(objectname)%00%(upstream:track)%00%(upstream:remotename)%00%(upstream:remoteref) refs/heads/main refs/remotes/main [14ms]
2026-05-08 10:26:29.377 [warning] [Git][revParse] Unable to read file: ENOENT: no such file or directory, open '/workspaces/family-monitor/.git/refs/remotes/origin/main'
2026-05-08 10:26:29.383 [info] > git rev-parse refs/remotes/origin/main [6ms]
2026-05-08 10:26:29.481 [info] > git status -z -uall [63ms]
2026-05-08 10:26:29.486 [info] > git for-each-ref --sort -committerdate --format %(refname)%00%(objectname)%00%(*objectname) [10ms]
2026-05-08 10:26:34.545 [info] > git config --get commit.template [1ms]
2026-05-08 10:26:34.635 [info] > git for-each-ref --format=%(refname)%00%(upstream:short)%00%(objectname)%00%(upstream:track)%00%(upstream:remotename)%00%(upstream:remoteref) refs/heads/main refs/remotes/main [29ms]
2026-05-08 10:26:34.682 [warning] [Git][revParse] Unable to read file: ENOENT: no such file or directory, open '/workspaces/family-monitor/.git/refs/remotes/origin/main'
2026-05-08 10:26:34.683 [info] > git rev-parse refs/remotes/origin/main [1ms]
2026-05-08 10:26:34.785 [info] > git status -z -uall [52ms]
2026-05-08 10:26:34.813 [info] > git for-each-ref --sort -committerdate --format %(refname)%00%(objectname)%00%(*objectname) [25ms]
2026-05-08 10:26:39.955 [info] > git config --get commit.template [61ms]
2026-05-08 10:26:39.984 [info] > git for-each-ref --format=%(refname)%00%(upstream:short)%00%(objectname)%00%(upstream:track)%00%(upstream:remotename)%00%(upstream:remoteref) refs/heads/main refs/remotes/main [30ms]
2026-05-08 10:26:40.036 [warning] [Git][revParse] Unable to read file: ENOENT: no such file or directory, open '/workspaces/family-monitor/.git/refs/remotes/origin/main'
2026-05-08 10:26:40.054 [info] > git rev-parse refs/remotes/origin/main [18ms]
2026-05-08 10:26:40.215 [info] > git status -z -uall [85ms]
2026-05-08 10:26:40.244 [info] > git for-each-ref --sort -committerdate --format %(refname)%00%(objectname)%00%(*objectname) [35ms]
2026-05-08 10:26:45.353 [info] > git for-each-ref --format=%(refname)%00%(upstream:short)%00%(objectname)%00%(upstream:track)%00%(upstream:remotename)%00%(upstream:remoteref) refs/heads/main refs/remotes/main [12ms]
2026-05-08 10:26:45.354 [info] > git config --get commit.template [59ms]
2026-05-08 10:26:45.391 [warning] [Git][revParse] Unable to read file: ENOENT: no such file or directory, open '/workspaces/family-monitor/.git/refs/remotes/origin/main'
2026-05-08 10:26:45.397 [info] > git rev-parse refs/remotes/origin/main [6ms]
2026-05-08 10:26:45.497 [info] > git status -z -uall [53ms]
2026-05-08 10:26:45.512 [info] > git for-each-ref --sort -committerdate --format %(refname)%00%(objectname)%00%(*objectname) [16ms]
2026-05-08 10:26:50.611 [info] > git config --get commit.template [52ms]
2026-05-08 10:26:50.629 [info] > git for-each-ref --format=%(refname)%00%(upstream:short)%00%(objectname)%00%(upstream:track)%00%(upstream:remotename)%00%(upstream:remoteref) refs/heads/main refs/remotes/main [23ms]
2026-05-08 10:26:50.656 [warning] [Git][revParse] Unable to read file: ENOENT: no such file or directory, open '/workspaces/family-monitor/.git/refs/remotes/origin/main'
2026-05-08 10:26:50.703 [info] > git rev-parse refs/remotes/origin/main [47ms]
2026-05-08 10:26:50.877 [info] > git status -z -uall [123ms]
2026-05-08 10:26:50.903 [info] > git for-each-ref --sort -committerdate --format %(refname)%00%(objectname)%00%(*objectname) [58ms]
2026-05-08 10:27:02.195 [info] > git config --get commit.template [63ms]
2026-05-08 10:27:02.195 [info] > git for-each-ref --format=%(refname)%00%(upstream:short)%00%(objectname)%00%(upstream:track)%00%(upstream:remotename)%00%(upstream:remoteref) refs/heads/main refs/remotes/main [1ms]
2026-05-08 10:27:02.230 [warning] [Git][revParse] Unable to read file: ENOENT: no such file or directory, open '/workspaces/family-monitor/.git/refs/remotes/origin/main'
2026-05-08 10:27:02.235 [info] > git rev-parse refs/remotes/origin/main [5ms]
2026-05-08 10:27:02.321 [info] > git status -z -uall [33ms]
2026-05-08 10:27:02.326 [info] > git for-each-ref --sort -committerdate --format %(refname)%00%(objectname)%00%(*objectname) [6ms]
2026-05-08 10:27:15.182 [info] > git config --get commit.template [17ms]
2026-05-08 10:27:15.184 [info] > git for-each-ref --format=%(refname)%00%(upstream:short)%00%(objectname)%00%(upstream:track)%00%(upstream:remotename)%00%(upstream:remoteref) refs/heads/main refs/remotes/main [3ms]
2026-05-08 10:27:15.191 [warning] [Git][revParse] Unable to read file: ENOENT: no such file or directory, open '/workspaces/family-monitor/.git/refs/remotes/origin/main'
2026-05-08 10:27:15.193 [info] > git rev-parse refs/remotes/origin/main [2ms]
2026-05-08 10:27:15.214 [info] > git status -z -uall [14ms]
2026-05-08 10:27:15.221 [info] > git for-each-ref --sort -committerdate --format %(refname)%00%(objectname)%00%(*objectname) [9ms]
2026-05-08 10:28:25.597 [info] > git config --get commit.template [1ms]
2026-05-08 10:28:25.612 [info] > git for-each-ref --format=%(refname)%00%(upstream:short)%00%(objectname)%00%(upstream:track)%00%(upstream:remotename)%00%(upstream:remoteref) refs/heads/main refs/remotes/main [5ms]
2026-05-08 10:28:25.622 [warning] [Git][revParse] Unable to read file: ENOENT: no such file or directory, open '/workspaces/family-monitor/.git/refs/remotes/origin/main'
2026-05-08 10:28:25.624 [info] > git rev-parse refs/remotes/origin/main [2ms]
2026-05-08 10:28:25.658 [info] > git status -z -uall [22ms]
2026-05-08 10:28:25.662 [info] > git for-each-ref --sort -committerdate --format %(refname)%00%(objectname)%00%(*objectname) [9ms]
2026-05-08 10:28:34.148 [info] > git config --get commit.template [7ms]
2026-05-08 10:28:34.172 [info] > git for-each-ref --format=%(refname)%00%(upstream:short)%00%(objectname)%00%(upstream:track)%00%(upstream:remotename)%00%(upstream:remoteref) refs/heads/main refs/remotes/main [3ms]
2026-05-08 10:28:34.182 [warning] [Git][revParse] Unable to read file: ENOENT: no such file or directory, open '/workspaces/family-monitor/.git/refs/remotes/origin/main'
2026-05-08 10:28:34.183 [info] > git rev-parse refs/remotes/origin/main [1ms]
2026-05-08 10:28:34.206 [info] > git status -z -uall [14ms]
2026-05-08 10:28:34.215 [info] > git for-each-ref --sort -committerdate --format %(refname)%00%(objectname)%00%(*objectname) [11ms]
2026-05-08 10:28:39.233 [info] > git config --get commit.template [3ms]
2026-05-08 10:28:39.247 [info] > git for-each-ref --format=%(refname)%00%(upstream:short)%00%(objectname)%00%(upstream:track)%00%(upstream:remotename)%00%(upstream:remoteref) refs/heads/main refs/remotes/main [3ms]
2026-05-08 10:28:39.255 [warning] [Git][revParse] Unable to read file: ENOENT: no such file or directory, open '/workspaces/family-monitor/.git/refs/remotes/origin/main'
2026-05-08 10:28:39.258 [info] > git rev-parse refs/remotes/origin/main [3ms]
2026-05-08 10:28:39.287 [info] > git status -z -uall [17ms]
2026-05-08 10:28:39.289 [info] > git for-each-ref --sort -committerdate --format %(refname)%00%(objectname)%00%(*objectname) [3ms]
2026-05-08 10:28:46.680 [info] > git config --get commit.template [15ms]
2026-05-08 10:28:46.681 [info] > git for-each-ref --format=%(refname)%00%(upstream:short)%00%(objectname)%00%(upstream:track)%00%(upstream:remotename)%00%(upstream:remoteref) refs/heads/main refs/remotes/main [2ms]
2026-05-08 10:28:46.689 [warning] [Git][revParse] Unable to read file: ENOENT: no such file or directory, open '/workspaces/family-monitor/.git/refs/remotes/origin/main'
2026-05-08 10:28:46.691 [info] > git rev-parse refs/remotes/origin/main [2ms]
2026-05-08 10:28:46.716 [info] > git status -z -uall [17ms]
2026-05-08 10:28:46.716 [info] > git for-each-ref --sort -committerdate --format %(refname)%00%(objectname)%00%(*objectname) [1ms]
2026-05-08 10:29:04.616 [info] > git config --get commit.template [30ms]
2026-05-08 10:29:04.616 [info] > git for-each-ref --format=%(refname)%00%(upstream:short)%00%(objectname)%00%(upstream:track)%00%(upstream:remotename)%00%(upstream:remoteref) refs/heads/main refs/remotes/main [3ms]
2026-05-08 10:29:04.652 [warning] [Git][revParse] Unable to read file: ENOENT: no such file or directory, open '/workspaces/family-monitor/.git/refs/remotes/origin/main'
2026-05-08 10:29:04.653 [info] > git rev-parse refs/remotes/origin/main [1ms]
2026-05-08 10:29:04.743 [info] > git status -z -uall [60ms]
2026-05-08 10:29:04.754 [info] > git for-each-ref --sort -committerdate --format %(refname)%00%(objectname)%00%(*objectname) [15ms]
2026-05-08 10:29:09.821 [info] > git config --get commit.template [8ms]
2026-05-08 10:29:09.891 [info] > git for-each-ref --format=%(refname)%00%(upstream:short)%00%(objectname)%00%(upstream:track)%00%(upstream:remotename)%00%(upstream:remoteref) refs/heads/main refs/remotes/main [3ms]
2026-05-08 10:29:09.948 [warning] [Git][revParse] Unable to read file: ENOENT: no such file or directory, open '/workspaces/family-monitor/.git/refs/remotes/origin/main'
2026-05-08 10:29:09.956 [info] > git rev-parse refs/remotes/origin/main [8ms]
2026-05-08 10:29:10.077 [info] > git status -z -uall [76ms]
2026-05-08 10:29:10.091 [info] > git for-each-ref --sort -committerdate --format %(refname)%00%(objectname)%00%(*objectname) [16ms]
2026-05-08 10:29:15.202 [info] > git for-each-ref --format=%(refname)%00%(upstream:short)%00%(objectname)%00%(upstream:track)%00%(upstream:remotename)%00%(upstream:remoteref) refs/heads/main refs/remotes/main [40ms]
2026-05-08 10:29:15.235 [warning] [Git][revParse] Unable to read file: ENOENT: no such file or directory, open '/workspaces/family-monitor/.git/refs/remotes/origin/main'
2026-05-08 10:29:15.237 [info] > git config --get commit.template [36ms]
2026-05-08 10:29:15.245 [info] > git rev-parse refs/remotes/origin/main [11ms]
2026-05-08 10:29:15.307 [info] > git for-each-ref --sort -committerdate --format %(refname)%00%(objectname)%00%(*objectname) [5ms]
2026-05-08 10:29:15.324 [info] > git status -z -uall [51ms]
2026-05-08 10:29:20.392 [info] > git config --get commit.template [19ms]
2026-05-08 10:29:20.455 [info] > git for-each-ref --format=%(refname)%00%(upstream:short)%00%(objectname)%00%(upstream:track)%00%(upstream:remotename)%00%(upstream:remoteref) refs/heads/main refs/remotes/main [11ms]
2026-05-08 10:29:20.484 [warning] [Git][revParse] Unable to read file: ENOENT: no such file or directory, open '/workspaces/family-monitor/.git/refs/remotes/origin/main'
2026-05-08 10:29:20.490 [info] > git rev-parse refs/remotes/origin/main [6ms]
2026-05-08 10:29:20.553 [info] > git status -z -uall [36ms]
2026-05-08 10:29:20.559 [info] > git for-each-ref --sort -committerdate --format %(refname)%00%(objectname)%00%(*objectname) [10ms]
2026-05-08 10:29:25.714 [info] > git config --get commit.template [63ms]
2026-05-08 10:29:25.729 [info] > git for-each-ref --format=%(refname)%00%(upstream:short)%00%(objectname)%00%(upstream:track)%00%(upstream:remotename)%00%(upstream:remoteref) refs/heads/main refs/remotes/main [16ms]
2026-05-08 10:29:25.763 [warning] [Git][revParse] Unable to read file: ENOENT: no such file or directory, open '/workspaces/family-monitor/.git/refs/remotes/origin/main'
2026-05-08 10:29:25.773 [info] > git rev-parse refs/remotes/origin/main [10ms]
2026-05-08 10:29:25.841 [info] > git status -z -uall [33ms]
2026-05-08 10:29:25.853 [info] > git for-each-ref --sort -committerdate --format %(refname)%00%(objectname)%00%(*objectname) [12ms]
2026-05-08 10:29:30.947 [info] > git config --get commit.template [46ms]
2026-05-08 10:29:30.959 [info] > git for-each-ref --format=%(refname)%00%(upstream:short)%00%(objectname)%00%(upstream:track)%00%(upstream:remotename)%00%(upstream:remoteref) refs/heads/main refs/remotes/main [15ms]
2026-05-08 10:29:31.029 [warning] [Git][revParse] Unable to read file: ENOENT: no such file or directory, open '/workspaces/family-monitor/.git/refs/remotes/origin/main'
2026-05-08 10:29:31.039 [info] > git rev-parse refs/remotes/origin/main [10ms]
2026-05-08 10:29:31.126 [info] > git status -z -uall [55ms]
2026-05-08 10:29:31.133 [info] > git for-each-ref --sort -committerdate --format %(refname)%00%(objectname)%00%(*objectname) [13ms]
2026-05-08 10:29:36.197 [info] > git config --get commit.template [4ms]
2026-05-08 10:29:36.222 [info] > git for-each-ref --format=%(refname)%00%(upstream:short)%00%(objectname)%00%(upstream:track)%00%(upstream:remotename)%00%(upstream:remoteref) refs/heads/main refs/remotes/main [7ms]
2026-05-08 10:29:36.245 [warning] [Git][revParse] Unable to read file: ENOENT: no such file or directory, open '/workspaces/family-monitor/.git/refs/remotes/origin/main'
2026-05-08 10:29:36.253 [info] > git rev-parse refs/remotes/origin/main [7ms]
2026-05-08 10:29:36.305 [info] > git status -z -uall [32ms]
2026-05-08 10:29:36.317 [info] > git for-each-ref --sort -committerdate --format %(refname)%00%(objectname)%00%(*objectname) [13ms]
2026-05-08 10:29:41.395 [info] > git config --get commit.template [38ms]
2026-05-08 10:29:41.397 [info] > git for-each-ref --format=%(refname)%00%(upstream:short)%00%(objectname)%00%(upstream:track)%00%(upstream:remotename)%00%(upstream:remoteref) refs/heads/main refs/remotes/main [5ms]
2026-05-08 10:29:41.420 [warning] [Git][revParse] Unable to read file: ENOENT: no such file or directory, open '/workspaces/family-monitor/.git/refs/remotes/origin/main'
2026-05-08 10:29:41.424 [info] > git rev-parse refs/remotes/origin/main [4ms]
2026-05-08 10:29:41.486 [info] > git status -z -uall [40ms]
2026-05-08 10:29:41.487 [info] > git for-each-ref --sort -committerdate --format %(refname)%00%(objectname)%00%(*objectname) [10ms]
2026-05-08 10:29:54.826 [info] > git config --get commit.template [4ms]
2026-05-08 10:29:54.845 [info] > git for-each-ref --format=%(refname)%00%(upstream:short)%00%(objectname)%00%(upstream:track)%00%(upstream:remotename)%00%(upstream:remoteref) refs/heads/main refs/remotes/main [6ms]
2026-05-08 10:29:54.855 [warning] [Git][revParse] Unable to read file: ENOENT: no such file or directory, open '/workspaces/family-monitor/.git/refs/remotes/origin/main'
2026-05-08 10:29:54.856 [info] > git rev-parse refs/remotes/origin/main [1ms]
2026-05-08 10:29:54.879 [info] > git status -z -uall [13ms]
2026-05-08 10:29:54.885 [info] > git for-each-ref --sort -committerdate --format %(refname)%00%(objectname)%00%(*objectname) [9ms]
2026-05-08 10:30:38.257 [info] > git config --get commit.template [29ms]
2026-05-08 10:30:38.261 [info] > git for-each-ref --format=%(refname)%00%(upstream:short)%00%(objectname)%00%(upstream:track)%00%(upstream:remotename)%00%(upstream:remoteref) refs/heads/main refs/remotes/main [6ms]
2026-05-08 10:30:38.284 [warning] [Git][revParse] Unable to read file: ENOENT: no such file or directory, open '/workspaces/family-monitor/.git/refs/remotes/origin/main'
2026-05-08 10:30:38.292 [info] > git rev-parse refs/remotes/origin/main [8ms]
2026-05-08 10:30:38.343 [info] > git status -z -uall [25ms]
2026-05-08 10:30:38.346 [info] > git for-each-ref --sort -committerdate --format %(refname)%00%(objectname)%00%(*objectname) [4ms]
2026-05-08 10:30:43.441 [info] > git config --get commit.template [41ms]
2026-05-08 10:30:43.451 [info] > git for-each-ref --format=%(refname)%00%(upstream:short)%00%(objectname)%00%(upstream:track)%00%(upstream:remotename)%00%(upstream:remoteref) refs/heads/main refs/remotes/main [10ms]
2026-05-08 10:30:43.475 [warning] [Git][revParse] Unable to read file: ENOENT: no such file or directory, open '/workspaces/family-monitor/.git/refs/remotes/origin/main'
2026-05-08 10:30:43.478 [info] > git rev-parse refs/remotes/origin/main [3ms]
2026-05-08 10:30:43.532 [info] > git status -z -uall [42ms]
2026-05-08 10:30:43.546 [info] > git for-each-ref --sort -committerdate --format %(refname)%00%(objectname)%00%(*objectname) [25ms]
2026-05-08 10:31:11.446 [info] > git for-each-ref --format=%(refname)%00%(upstream:short)%00%(objectname)%00%(upstream:track)%00%(upstream:remotename)%00%(upstream:remoteref) refs/heads/main refs/remotes/main [0ms]
2026-05-08 10:31:11.447 [info] > git config --get commit.template [12ms]
2026-05-08 10:31:11.456 [warning] [Git][revParse] Unable to read file: ENOENT: no such file or directory, open '/workspaces/family-monitor/.git/refs/remotes/origin/main'
2026-05-08 10:31:11.457 [info] > git rev-parse refs/remotes/origin/main [1ms]
2026-05-08 10:31:11.478 [info] > git status -z -uall [14ms]
2026-05-08 10:31:11.482 [info] > git for-each-ref --sort -committerdate --format %(refname)%00%(objectname)%00%(*objectname) [5ms]
2026-05-08 10:31:14.489 [info] > git config --local -l [1ms]
2026-05-08 10:31:14.595 [info] > git config --local -l [4ms]
2026-05-08 10:31:18.290 [info] > git config --get commit.template [12ms]
2026-05-08 10:31:18.292 [info] > git for-each-ref --format=%(refname)%00%(upstream:short)%00%(objectname)%00%(upstream:track)%00%(upstream:remotename)%00%(upstream:remoteref) refs/heads/main refs/remotes/main [2ms]
2026-05-08 10:31:18.302 [warning] [Git][revParse] Unable to read file: ENOENT: no such file or directory, open '/workspaces/family-monitor/.git/refs/remotes/origin/main'
2026-05-08 10:31:18.303 [info] > git rev-parse refs/remotes/origin/main [1ms]
2026-05-08 10:31:18.324 [info] > git status -z -uall [11ms]
2026-05-08 10:31:18.327 [info] > git for-each-ref --sort -committerdate --format %(refname)%00%(objectname)%00%(*objectname) [4ms]
2026-05-08 10:31:56.467 [info] > git config --get commit.template [2ms]
2026-05-08 10:31:56.476 [info] > git for-each-ref --format=%(refname)%00%(upstream:short)%00%(objectname)%00%(upstream:track)%00%(upstream:remotename)%00%(upstream:remoteref) refs/heads/main refs/remotes/main [2ms]
2026-05-08 10:31:56.485 [warning] [Git][revParse] Unable to read file: ENOENT: no such file or directory, open '/workspaces/family-monitor/.git/refs/remotes/origin/main'
2026-05-08 10:31:56.486 [info] > git rev-parse refs/remotes/origin/main [1ms]
2026-05-08 10:31:56.506 [info] > git status -z -uall [13ms]
2026-05-08 10:31:56.514 [info] > git for-each-ref --sort -committerdate --format %(refname)%00%(objectname)%00%(*objectname) [10ms]
2026-05-08 10:32:03.621 [info] > git config --get commit.template [2ms]
2026-05-08 10:32:03.633 [info] > git for-each-ref --format=%(refname)%00%(upstream:short)%00%(objectname)%00%(upstream:track)%00%(upstream:remotename)%00%(upstream:remoteref) refs/heads/main refs/remotes/main [3ms]
2026-05-08 10:32:03.639 [warning] [Git][revParse] Unable to read file: ENOENT: no such file or directory, open '/workspaces/family-monitor/.git/refs/remotes/origin/main'
2026-05-08 10:32:03.641 [info] > git rev-parse refs/remotes/origin/main [2ms]
2026-05-08 10:32:03.664 [info] > git status -z -uall [16ms]
2026-05-08 10:32:03.665 [info] > git for-each-ref --sort -committerdate --format %(refname)%00%(objectname)%00%(*objectname) [4ms]
2026-05-08 10:32:42.102 [info] > git config --get commit.template [27ms]
2026-05-08 10:32:42.109 [info] > git for-each-ref --format=%(refname)%00%(upstream:short)%00%(objectname)%00%(upstream:track)%00%(upstream:remotename)%00%(upstream:remoteref) refs/heads/main refs/remotes/main [8ms]
2026-05-08 10:32:42.139 [warning] [Git][revParse] Unable to read file: ENOENT: no such file or directory, open '/workspaces/family-monitor/.git/refs/remotes/origin/main'
2026-05-08 10:32:42.143 [info] > git rev-parse refs/remotes/origin/main [4ms]
2026-05-08 10:32:42.209 [info] > git status -z -uall [40ms]
2026-05-08 10:32:42.232 [info] > git for-each-ref --sort -committerdate --format %(refname)%00%(objectname)%00%(*objectname) [24ms]
2026-05-08 10:32:47.306 [info] > git config --get commit.template [17ms]
2026-05-08 10:32:47.379 [info] > git for-each-ref --format=%(refname)%00%(upstream:short)%00%(objectname)%00%(upstream:track)%00%(upstream:remotename)%00%(upstream:remoteref) refs/heads/main refs/remotes/main [8ms]
2026-05-08 10:32:47.409 [warning] [Git][revParse] Unable to read file: ENOENT: no such file or directory, open '/workspaces/family-monitor/.git/refs/remotes/origin/main'
2026-05-08 10:32:47.420 [info] > git rev-parse refs/remotes/origin/main [11ms]
2026-05-08 10:32:47.478 [info] > git status -z -uall [32ms]
2026-05-08 10:32:47.482 [info] > git for-each-ref --sort -committerdate --format %(refname)%00%(objectname)%00%(*objectname) [4ms]
2026-05-08 10:34:11.687 [info] > git for-each-ref --format=%(refname)%00%(upstream:short)%00%(objectname)%00%(upstream:track)%00%(upstream:remotename)%00%(upstream:remoteref) refs/heads/main refs/remotes/main [13ms]
2026-05-08 10:34:11.699 [warning] [Git][revParse] Unable to read file: ENOENT: no such file or directory, open '/workspaces/family-monitor/.git/refs/remotes/origin/main'
2026-05-08 10:34:11.699 [info] > git config --get commit.template [13ms]
2026-05-08 10:34:11.702 [info] > git rev-parse refs/remotes/origin/main [3ms]
2026-05-08 10:34:11.740 [info] > git for-each-ref --sort -committerdate --format %(refname)%00%(objectname)%00%(*objectname) [12ms]
2026-05-08 10:34:11.789 [info] > git status -z -uall [73ms]
2026-05-08 10:34:16.815 [info] > git config --get commit.template [13ms]
2026-05-08 10:34:16.817 [info] > git for-each-ref --format=%(refname)%00%(upstream:short)%00%(objectname)%00%(upstream:track)%00%(upstream:remotename)%00%(upstream:remoteref) refs/heads/main refs/remotes/main [3ms]
2026-05-08 10:34:16.825 [warning] [Git][revParse] Unable to read file: ENOENT: no such file or directory, open '/workspaces/family-monitor/.git/refs/remotes/origin/main'
2026-05-08 10:34:16.826 [info] > git rev-parse refs/remotes/origin/main [1ms]
2026-05-08 10:34:16.851 [info] > git status -z -uall [15ms]
2026-05-08 10:34:16.859 [info] > git for-each-ref --sort -committerdate --format %(refname)%00%(objectname)%00%(*objectname) [8ms]
2026-05-08 10:36:16.002 [info] > git config --local -l [4ms]
2026-05-08 10:37:11.128 [info] > git config --local -l [3ms]
2026-05-08 10:37:35.563 [info] > git for-each-ref --format=%(refname)%00%(upstream:short)%00%(objectname)%00%(upstream:track)%00%(upstream:remotename)%00%(upstream:remoteref) refs/heads/main refs/remotes/main [10ms]
2026-05-08 10:37:35.571 [warning] [Git][revParse] Unable to read file: ENOENT: no such file or directory, open '/workspaces/family-monitor/.git/refs/remotes/origin/main'
2026-05-08 10:37:35.574 [info] > git config --get commit.template [9ms]
2026-05-08 10:37:35.575 [info] > git rev-parse refs/remotes/origin/main [4ms]
2026-05-08 10:37:35.607 [info] > git for-each-ref --sort -committerdate --format %(refname)%00%(objectname)%00%(*objectname) [13ms]
2026-05-08 10:37:35.714 [info] > git status -z -uall [130ms]
2026-05-08 10:37:40.738 [info] > git config --get commit.template [11ms]
2026-05-08 10:37:40.739 [info] > git for-each-ref --format=%(refname)%00%(upstream:short)%00%(objectname)%00%(upstream:track)%00%(upstream:remotename)%00%(upstream:remoteref) refs/heads/main refs/remotes/main [1ms]
2026-05-08 10:37:40.751 [warning] [Git][revParse] Unable to read file: ENOENT: no such file or directory, open '/workspaces/family-monitor/.git/refs/remotes/origin/main'
2026-05-08 10:37:40.753 [info] > git rev-parse refs/remotes/origin/main [2ms]
2026-05-08 10:37:40.779 [info] > git status -z -uall [14ms]
2026-05-08 10:37:40.781 [info] > git for-each-ref --sort -committerdate --format %(refname)%00%(objectname)%00%(*objectname) [7ms]
2026-05-08 10:38:10.616 [info] > git config --get commit.template [5ms]
2026-05-08 10:38:10.636 [info] > git for-each-ref --format=%(refname)%00%(upstream:short)%00%(objectname)%00%(upstream:track)%00%(upstream:remotename)%00%(upstream:remoteref) refs/heads/main refs/remotes/main [6ms]
2026-05-08 10:38:10.648 [warning] [Git][revParse] Unable to read file: ENOENT: no such file or directory, open '/workspaces/family-monitor/.git/refs/remotes/origin/main'
2026-05-08 10:38:10.648 [info] > git rev-parse refs/remotes/origin/main [2ms]
2026-05-08 10:38:10.684 [info] > git status -z -uall [21ms]
2026-05-08 10:38:10.688 [info] > git for-each-ref --sort -committerdate --format %(refname)%00%(objectname)%00%(*objectname) [5ms]
2026-05-08 10:38:15.747 [info] > git config --get commit.template [37ms]
2026-05-08 10:38:15.767 [info] > git for-each-ref --format=%(refname)%00%(upstream:short)%00%(objectname)%00%(upstream:track)%00%(upstream:remotename)%00%(upstream:remoteref) refs/heads/main refs/remotes/main [21ms]
2026-05-08 10:38:15.808 [warning] [Git][revParse] Unable to read file: ENOENT: no such file or directory, open '/workspaces/family-monitor/.git/refs/remotes/origin/main'
2026-05-08 10:38:15.818 [info] > git rev-parse refs/remotes/origin/main [10ms]
2026-05-08 10:38:15.887 [info] > git status -z -uall [43ms]
2026-05-08 10:38:15.889 [info] > git for-each-ref --sort -committerdate --format %(refname)%00%(objectname)%00%(*objectname) [11ms]
2026-05-08 10:38:20.998 [info] > git config --get commit.template [61ms]
2026-05-08 10:38:21.009 [info] > git for-each-ref --format=%(refname)%00%(upstream:short)%00%(objectname)%00%(upstream:track)%00%(upstream:remotename)%00%(upstream:remoteref) refs/heads/main refs/remotes/main [19ms]
2026-05-08 10:38:21.071 [warning] [Git][revParse] Unable to read file: ENOENT: no such file or directory, open '/workspaces/family-monitor/.git/refs/remotes/origin/main'
2026-05-08 10:38:21.093 [info] > git rev-parse refs/remotes/origin/main [21ms]
2026-05-08 10:38:21.167 [info] > git status -z -uall [35ms]
2026-05-08 10:38:21.172 [info] > git for-each-ref --sort -committerdate --format %(refname)%00%(objectname)%00%(*objectname) [5ms]
2026-05-08 10:38:26.247 [info] > git config --get commit.template [42ms]
2026-05-08 10:38:26.252 [info] > git for-each-ref --format=%(refname)%00%(upstream:short)%00%(objectname)%00%(upstream:track)%00%(upstream:remotename)%00%(upstream:remoteref) refs/heads/main refs/remotes/main [8ms]
2026-05-08 10:38:26.276 [warning] [Git][revParse] Unable to read file: ENOENT: no such file or directory, open '/workspaces/family-monitor/.git/refs/remotes/origin/main'
2026-05-08 10:38:26.281 [info] > git rev-parse refs/remotes/origin/main [5ms]
2026-05-08 10:38:26.365 [info] > git status -z -uall [52ms]
2026-05-08 10:38:26.386 [info] > git for-each-ref --sort -committerdate --format %(refname)%00%(objectname)%00%(*objectname) [23ms]
2026-05-08 10:38:37.905 [info] > git config --get commit.template [62ms]
2026-05-08 10:38:37.905 [info] > git for-each-ref --format=%(refname)%00%(upstream:short)%00%(objectname)%00%(upstream:track)%00%(upstream:remotename)%00%(upstream:remoteref) refs/heads/main refs/remotes/main [6ms]
2026-05-08 10:38:37.965 [warning] [Git][revParse] Unable to read file: ENOENT: no such file or directory, open '/workspaces/family-monitor/.git/refs/remotes/origin/main'
2026-05-08 10:38:37.971 [info] > git rev-parse refs/remotes/origin/main [6ms]
2026-05-08 10:38:38.036 [info] > git status -z -uall [29ms]
2026-05-08 10:38:38.037 [info] > git for-each-ref --sort -committerdate --format %(refname)%00%(objectname)%00%(*objectname) [7ms]
2026-05-08 10:38:43.079 [info] > git config --get commit.template [4ms]
2026-05-08 10:38:43.115 [info] > git for-each-ref --format=%(refname)%00%(upstream:short)%00%(objectname)%00%(upstream:track)%00%(upstream:remotename)%00%(upstream:remoteref) refs/heads/main refs/remotes/main [10ms]
2026-05-08 10:38:43.157 [warning] [Git][revParse] Unable to read file: ENOENT: no such file or directory, open '/workspaces/family-monitor/.git/refs/remotes/origin/main'
2026-05-08 10:38:43.167 [info] > git rev-parse refs/remotes/origin/main [10ms]
2026-05-08 10:38:43.288 [info] > git status -z -uall [80ms]
2026-05-08 10:38:43.293 [info] > git for-each-ref --sort -committerdate --format %(refname)%00%(objectname)%00%(*objectname) [20ms]
2026-05-08 10:39:09.362 [info] > git config --get commit.template [22ms]
2026-05-08 10:39:09.366 [info] > git for-each-ref --format=%(refname)%00%(upstream:short)%00%(objectname)%00%(upstream:track)%00%(upstream:remotename)%00%(upstream:remoteref) refs/heads/main refs/remotes/main [4ms]
2026-05-08 10:39:09.386 [warning] [Git][revParse] Unable to read file: ENOENT: no such file or directory, open '/workspaces/family-monitor/.git/refs/remotes/origin/main'
2026-05-08 10:39:09.391 [info] > git rev-parse refs/remotes/origin/main [5ms]
2026-05-08 10:39:09.438 [info] > git for-each-ref --sort -committerdate --format %(refname)%00%(objectname)%00%(*objectname) [2ms]
2026-05-08 10:39:09.446 [info] > git status -z -uall [35ms]
2026-05-08 10:39:18.997 [info] > git config --get commit.template [623ms]
2026-05-08 10:39:18.999 [info] > git for-each-ref --format=%(refname)%00%(upstream:short)%00%(objectname)%00%(upstream:track)%00%(upstream:remotename)%00%(upstream:remoteref) refs/heads/main refs/remotes/main [615ms]
2026-05-08 10:39:19.019 [warning] [Git][revParse] Unable to read file: ENOENT: no such file or directory, open '/workspaces/family-monitor/.git/refs/remotes/origin/main'
2026-05-08 10:39:19.020 [info] > git rev-parse refs/remotes/origin/main [1ms]
2026-05-08 10:39:19.061 [info] > git status -z -uall [27ms]
2026-05-08 10:39:19.061 [info] > git for-each-ref --sort -committerdate --format %(refname)%00%(objectname)%00%(*objectname) [3ms]
2026-05-08 10:39:24.395 [info] > git config --get commit.template [74ms]
2026-05-08 10:39:24.402 [info] > git for-each-ref --format=%(refname)%00%(upstream:short)%00%(objectname)%00%(upstream:track)%00%(upstream:remotename)%00%(upstream:remoteref) refs/heads/main refs/remotes/main [16ms]
2026-05-08 10:39:24.438 [warning] [Git][revParse] Unable to read file: ENOENT: no such file or directory, open '/workspaces/family-monitor/.git/refs/remotes/origin/main'
2026-05-08 10:39:24.455 [info] > git rev-parse refs/remotes/origin/main [17ms]
2026-05-08 10:39:24.555 [info] > git status -z -uall [62ms]
2026-05-08 10:39:24.564 [info] > git for-each-ref --sort -committerdate --format %(refname)%00%(objectname)%00%(*objectname) [12ms]
2026-05-08 10:39:29.652 [info] > git config --get commit.template [45ms]
2026-05-08 10:39:29.659 [info] > git for-each-ref --format=%(refname)%00%(upstream:short)%00%(objectname)%00%(upstream:track)%00%(upstream:remotename)%00%(upstream:remoteref) refs/heads/main refs/remotes/main [14ms]
2026-05-08 10:39:29.689 [warning] [Git][revParse] Unable to read file: ENOENT: no such file or directory, open '/workspaces/family-monitor/.git/refs/remotes/origin/main'
2026-05-08 10:39:29.698 [info] > git rev-parse refs/remotes/origin/main [9ms]
2026-05-08 10:39:29.721 [info] > git status -z -uall [14ms]
2026-05-08 10:39:29.742 [info] > git for-each-ref --sort -committerdate --format %(refname)%00%(objectname)%00%(*objectname) [21ms]
2026-05-08 10:39:36.592 [info] > git config --get commit.template [31ms]
2026-05-08 10:39:36.597 [info] > git for-each-ref --format=%(refname)%00%(upstream:short)%00%(objectname)%00%(upstream:track)%00%(upstream:remotename)%00%(upstream:remoteref) refs/heads/main refs/remotes/main [6ms]
2026-05-08 10:39:36.642 [warning] [Git][revParse] Unable to read file: ENOENT: no such file or directory, open '/workspaces/family-monitor/.git/refs/remotes/origin/main'
2026-05-08 10:39:36.651 [info] > git rev-parse refs/remotes/origin/main [10ms]
2026-05-08 10:39:36.709 [info] > git status -z -uall [27ms]
2026-05-08 10:39:36.709 [info] > git for-each-ref --sort -committerdate --format %(refname)%00%(objectname)%00%(*objectname) [12ms]
2026-05-08 10:39:41.800 [info] > git config --get commit.template [44ms]
2026-05-08 10:39:41.802 [info] > git for-each-ref --format=%(refname)%00%(upstream:short)%00%(objectname)%00%(upstream:track)%00%(upstream:remotename)%00%(upstream:remoteref) refs/heads/main refs/remotes/main [6ms]
2026-05-08 10:39:41.826 [warning] [Git][revParse] Unable to read file: ENOENT: no such file or directory, open '/workspaces/family-monitor/.git/refs/remotes/origin/main'
2026-05-08 10:39:41.829 [info] > git rev-parse refs/remotes/origin/main [4ms]
2026-05-08 10:39:41.874 [info] > git status -z -uall [29ms]
2026-05-08 10:39:41.875 [info] > git for-each-ref --sort -committerdate --format %(refname)%00%(objectname)%00%(*objectname) [4ms]
2026-05-08 10:39:46.890 [info] > git config --get commit.template [4ms]
2026-05-08 10:39:46.900 [info] > git for-each-ref --format=%(refname)%00%(upstream:short)%00%(objectname)%00%(upstream:track)%00%(upstream:remotename)%00%(upstream:remoteref) refs/heads/main refs/remotes/main [3ms]
2026-05-08 10:39:46.909 [warning] [Git][revParse] Unable to read file: ENOENT: no such file or directory, open '/workspaces/family-monitor/.git/refs/remotes/origin/main'
2026-05-08 10:39:46.911 [info] > git rev-parse refs/remotes/origin/main [2ms]
2026-05-08 10:39:46.936 [info] > git status -z -uall [15ms]
2026-05-08 10:39:46.943 [info] > git for-each-ref --sort -committerdate --format %(refname)%00%(objectname)%00%(*objectname) [8ms]
2026-05-08 10:40:39.322 [info] > git config --get commit.template [16ms]
2026-05-08 10:40:39.324 [info] > git for-each-ref --format=%(refname)%00%(upstream:short)%00%(objectname)%00%(upstream:track)%00%(upstream:remotename)%00%(upstream:remoteref) refs/heads/main refs/remotes/main [3ms]
2026-05-08 10:40:39.334 [warning] [Git][revParse] Unable to read file: ENOENT: no such file or directory, open '/workspaces/family-monitor/.git/refs/remotes/origin/main'
2026-05-08 10:40:39.338 [info] > git rev-parse refs/remotes/origin/main [4ms]
2026-05-08 10:40:39.361 [info] > git status -z -uall [13ms]
2026-05-08 10:40:39.370 [info] > git for-each-ref --sort -committerdate --format %(refname)%00%(objectname)%00%(*objectname) [9ms]
2026-05-08 10:40:46.362 [info] > git config --get commit.template [2ms]
2026-05-08 10:40:46.374 [info] > git for-each-ref --format=%(refname)%00%(upstream:short)%00%(objectname)%00%(upstream:track)%00%(upstream:remotename)%00%(upstream:remoteref) refs/heads/main refs/remotes/main [3ms]
2026-05-08 10:40:46.381 [warning] [Git][revParse] Unable to read file: ENOENT: no such file or directory, open '/workspaces/family-monitor/.git/refs/remotes/origin/main'
2026-05-08 10:40:46.383 [info] > git rev-parse refs/remotes/origin/main [2ms]
2026-05-08 10:40:46.405 [info] > git status -z -uall [16ms]
2026-05-08 10:40:46.409 [info] > git for-each-ref --sort -committerdate --format %(refname)%00%(objectname)%00%(*objectname) [9ms]
2026-05-08 10:40:53.368 [info] > git config --get commit.template [11ms]
2026-05-08 10:40:53.406 [info] > git for-each-ref --format=%(refname)%00%(upstream:short)%00%(objectname)%00%(upstream:track)%00%(upstream:remotename)%00%(upstream:remoteref) refs/heads/main refs/remotes/main [8ms]
2026-05-08 10:40:53.448 [warning] [Git][revParse] Unable to read file: ENOENT: no such file or directory, open '/workspaces/family-monitor/.git/refs/remotes/origin/main'
2026-05-08 10:40:53.460 [info] > git rev-parse refs/remotes/origin/main [13ms]
2026-05-08 10:40:53.543 [info] > git status -z -uall [56ms]
2026-05-08 10:40:53.556 [info] > git for-each-ref --sort -committerdate --format %(refname)%00%(objectname)%00%(*objectname) [22ms]
2026-05-08 10:40:58.621 [info] > git config --get commit.template [33ms]
2026-05-08 10:40:58.624 [info] > git for-each-ref --format=%(refname)%00%(upstream:short)%00%(objectname)%00%(upstream:track)%00%(upstream:remotename)%00%(upstream:remoteref) refs/heads/main refs/remotes/main [8ms]
2026-05-08 10:40:58.662 [warning] [Git][revParse] Unable to read file: ENOENT: no such file or directory, open '/workspaces/family-monitor/.git/refs/remotes/origin/main'
2026-05-08 10:40:58.666 [info] > git rev-parse refs/remotes/origin/main [4ms]
2026-05-08 10:40:58.734 [info] > git status -z -uall [51ms]
2026-05-08 10:40:58.743 [info] > git for-each-ref --sort -committerdate --format %(refname)%00%(objectname)%00%(*objectname) [18ms]
2026-05-08 10:41:50.969 [info] > git config --get commit.template [4ms]
2026-05-08 10:41:50.980 [info] > git for-each-ref --format=%(refname)%00%(upstream:short)%00%(objectname)%00%(upstream:track)%00%(upstream:remotename)%00%(upstream:remoteref) refs/heads/main refs/remotes/main [1ms]
2026-05-08 10:41:50.988 [warning] [Git][revParse] Unable to read file: ENOENT: no such file or directory, open '/workspaces/family-monitor/.git/refs/remotes/origin/main'
2026-05-08 10:41:50.989 [info] > git rev-parse refs/remotes/origin/main [1ms]
2026-05-08 10:41:51.009 [info] > git status -z -uall [13ms]
2026-05-08 10:41:51.015 [info] > git for-each-ref --sort -committerdate --format %(refname)%00%(objectname)%00%(*objectname) [7ms]
2026-05-08 10:41:56.031 [info] > git config --get commit.template [4ms]
2026-05-08 10:41:56.046 [info] > git for-each-ref --format=%(refname)%00%(upstream:short)%00%(objectname)%00%(upstream:track)%00%(upstream:remotename)%00%(upstream:remoteref) refs/heads/main refs/remotes/main [3ms]
2026-05-08 10:41:56.053 [warning] [Git][revParse] Unable to read file: ENOENT: no such file or directory, open '/workspaces/family-monitor/.git/refs/remotes/origin/main'
2026-05-08 10:41:56.055 [info] > git rev-parse refs/remotes/origin/main [2ms]
2026-05-08 10:41:56.072 [info] > git status -z -uall [10ms]
2026-05-08 10:41:56.076 [info] > git for-each-ref --sort -committerdate --format %(refname)%00%(objectname)%00%(*objectname) [4ms]
2026-05-08 10:42:32.898 [info] > git config --get commit.template [1ms]
2026-05-08 10:42:32.910 [info] > git for-each-ref --format=%(refname)%00%(upstream:short)%00%(objectname)%00%(upstream:track)%00%(upstream:remotename)%00%(upstream:remoteref) refs/heads/main refs/remotes/main [1ms]
2026-05-08 10:42:32.918 [warning] [Git][revParse] Unable to read file: ENOENT: no such file or directory, open '/workspaces/family-monitor/.git/refs/remotes/origin/main'
2026-05-08 10:42:32.919 [info] > git rev-parse refs/remotes/origin/main [1ms]
2026-05-08 10:42:32.939 [info] > git status -z -uall [13ms]
2026-05-08 10:42:32.942 [info] > git for-each-ref --sort -committerdate --format %(refname)%00%(objectname)%00%(*objectname) [5ms]
2026-05-08 10:42:36.923 [info] > git config --local -l [2ms]
2026-05-08 10:42:37.150 [info] > git config --local -l [5ms]
2026-05-08 10:42:42.677 [info] > git config --get commit.template [20ms]
2026-05-08 10:42:42.679 [info] > git for-each-ref --format=%(refname)%00%(upstream:short)%00%(objectname)%00%(upstream:track)%00%(upstream:remotename)%00%(upstream:remoteref) refs/heads/main refs/remotes/main [4ms]
2026-05-08 10:42:42.689 [warning] [Git][revParse] Unable to read file: ENOENT: no such file or directory, open '/workspaces/family-monitor/.git/refs/remotes/origin/main'
2026-05-08 10:42:42.691 [info] > git rev-parse refs/remotes/origin/main [2ms]
2026-05-08 10:42:42.715 [info] > git status -z -uall [13ms]
2026-05-08 10:42:42.718 [info] > git for-each-ref --sort -committerdate --format %(refname)%00%(objectname)%00%(*objectname) [4ms]
2026-05-08 10:42:58.807 [info] > git config --get commit.template [16ms]
2026-05-08 10:42:58.809 [info] > git for-each-ref --format=%(refname)%00%(upstream:short)%00%(objectname)%00%(upstream:track)%00%(upstream:remotename)%00%(upstream:remoteref) refs/heads/main refs/remotes/main [3ms]
2026-05-08 10:42:58.824 [warning] [Git][revParse] Unable to read file: ENOENT: no such file or directory, open '/workspaces/family-monitor/.git/refs/remotes/origin/main'
2026-05-08 10:42:58.825 [info] > git rev-parse refs/remotes/origin/main [1ms]
2026-05-08 10:42:58.880 [info] > git status -z -uall [34ms]
2026-05-08 10:42:58.883 [info] > git for-each-ref --sort -committerdate --format %(refname)%00%(objectname)%00%(*objectname) [10ms]
2026-05-08 10:43:03.902 [info] > git config --get commit.template [6ms]
2026-05-08 10:43:03.921 [info] > git for-each-ref --format=%(refname)%00%(upstream:short)%00%(objectname)%00%(upstream:track)%00%(upstream:remotename)%00%(upstream:remoteref) refs/heads/main refs/remotes/main [7ms]
2026-05-08 10:43:03.939 [warning] [Git][revParse] Unable to read file: ENOENT: no such file or directory, open '/workspaces/family-monitor/.git/refs/remotes/origin/main'
2026-05-08 10:43:03.941 [info] > git rev-parse refs/remotes/origin/main [2ms]
2026-05-08 10:43:03.976 [info] > git status -z -uall [20ms]
2026-05-08 10:43:03.980 [info] > git for-each-ref --sort -committerdate --format %(refname)%00%(objectname)%00%(*objectname) [4ms]
2026-05-08 10:43:08.993 [info] > git config --get commit.template [1ms]
2026-05-08 10:43:09.007 [info] > git for-each-ref --format=%(refname)%00%(upstream:short)%00%(objectname)%00%(upstream:track)%00%(upstream:remotename)%00%(upstream:remoteref) refs/heads/main refs/remotes/main [2ms]
2026-05-08 10:43:09.014 [warning] [Git][revParse] Unable to read file: ENOENT: no such file or directory, open '/workspaces/family-monitor/.git/refs/remotes/origin/main'
2026-05-08 10:43:09.015 [info] > git rev-parse refs/remotes/origin/main [1ms]
2026-05-08 10:43:09.038 [info] > git status -z -uall [15ms]
2026-05-08 10:43:09.044 [info] > git for-each-ref --sort -committerdate --format %(refname)%00%(objectname)%00%(*objectname) [10ms]
2026-05-08 10:43:17.066 [info] > git config --get commit.template [2ms]
2026-05-08 10:43:17.079 [info] > git for-each-ref --format=%(refname)%00%(upstream:short)%00%(objectname)%00%(upstream:track)%00%(upstream:remotename)%00%(upstream:remoteref) refs/heads/main refs/remotes/main [2ms]
2026-05-08 10:43:17.089 [warning] [Git][revParse] Unable to read file: ENOENT: no such file or directory, open '/workspaces/family-monitor/.git/refs/remotes/origin/main'
2026-05-08 10:43:17.091 [info] > git rev-parse refs/remotes/origin/main [2ms]
2026-05-08 10:43:17.113 [info] > git status -z -uall [12ms]
2026-05-08 10:43:17.116 [info] > git for-each-ref --sort -committerdate --format %(refname)%00%(objectname)%00%(*objectname) [5ms]
2026-05-08 10:43:22.136 [info] > git config --get commit.template [5ms]
2026-05-08 10:43:22.149 [info] > git for-each-ref --format=%(refname)%00%(upstream:short)%00%(objectname)%00%(upstream:track)%00%(upstream:remotename)%00%(upstream:remoteref) refs/heads/main refs/remotes/main [4ms]
2026-05-08 10:43:22.161 [warning] [Git][revParse] Unable to read file: ENOENT: no such file or directory, open '/workspaces/family-monitor/.git/refs/remotes/origin/main'
2026-05-08 10:43:22.163 [info] > git rev-parse refs/remotes/origin/main [2ms]
2026-05-08 10:43:22.187 [info] > git status -z -uall [13ms]
2026-05-08 10:43:22.192 [info] > git for-each-ref --sort -committerdate --format %(refname)%00%(objectname)%00%(*objectname) [6ms]
2026-05-08 10:43:29.941 [info] > git config --get commit.template [8ms]
2026-05-08 10:43:29.982 [info] > git for-each-ref --format=%(refname)%00%(upstream:short)%00%(objectname)%00%(upstream:track)%00%(upstream:remotename)%00%(upstream:remoteref) refs/heads/main refs/remotes/main [5ms]
2026-05-08 10:43:30.009 [warning] [Git][revParse] Unable to read file: ENOENT: no such file or directory, open '/workspaces/family-monitor/.git/refs/remotes/origin/main'
2026-05-08 10:43:30.021 [info] > git rev-parse refs/remotes/origin/main [12ms]
2026-05-08 10:43:30.107 [info] > git status -z -uall [43ms]
2026-05-08 10:43:30.121 [info] > git for-each-ref --sort -committerdate --format %(refname)%00%(objectname)%00%(*objectname) [16ms]
2026-05-08 10:43:35.235 [info] > git config --get commit.template [38ms]
2026-05-08 10:43:35.243 [info] > git for-each-ref --format=%(refname)%00%(upstream:short)%00%(objectname)%00%(upstream:track)%00%(upstream:remotename)%00%(upstream:remoteref) refs/heads/main refs/remotes/main [12ms]
2026-05-08 10:43:35.278 [warning] [Git][revParse] Unable to read file: ENOENT: no such file or directory, open '/workspaces/family-monitor/.git/refs/remotes/origin/main'
2026-05-08 10:43:35.301 [info] > git rev-parse refs/remotes/origin/main [23ms]
2026-05-08 10:43:35.380 [info] > git status -z -uall [39ms]
2026-05-08 10:43:35.403 [info] > git for-each-ref --sort -committerdate --format %(refname)%00%(objectname)%00%(*objectname) [25ms]
2026-05-08 10:44:10.697 [info] > git config --get commit.template [47ms]
2026-05-08 10:44:10.738 [info] > git for-each-ref --format=%(refname)%00%(upstream:short)%00%(objectname)%00%(upstream:track)%00%(upstream:remotename)%00%(upstream:remoteref) refs/heads/main refs/remotes/main [42ms]
2026-05-08 10:44:10.765 [warning] [Git][revParse] Unable to read file: ENOENT: no such file or directory, open '/workspaces/family-monitor/.git/refs/remotes/origin/main'
2026-05-08 10:44:10.766 [info] > git rev-parse refs/remotes/origin/main [1ms]
2026-05-08 10:44:10.822 [info] > git for-each-ref --sort -committerdate --format %(refname)%00%(objectname)%00%(*objectname) [8ms]
2026-05-08 10:44:10.843 [info] > git status -z -uall [64ms]
2026-05-08 10:44:15.857 [info] > git config --get commit.template [4ms]
2026-05-08 10:44:15.868 [info] > git for-each-ref --format=%(refname)%00%(upstream:short)%00%(objectname)%00%(upstream:track)%00%(upstream:remotename)%00%(upstream:remoteref) refs/heads/main refs/remotes/main [1ms]
2026-05-08 10:44:15.877 [warning] [Git][revParse] Unable to read file: ENOENT: no such file or directory, open '/workspaces/family-monitor/.git/refs/remotes/origin/main'
2026-05-08 10:44:15.878 [info] > git rev-parse refs/remotes/origin/main [1ms]
2026-05-08 10:44:15.901 [info] > git status -z -uall [15ms]
2026-05-08 10:44:15.904 [info] > git for-each-ref --sort -committerdate --format %(refname)%00%(objectname)%00%(*objectname) [3ms]
2026-05-08 10:45:16.691 [info] > git config --get commit.template [4ms]
2026-05-08 10:45:16.704 [info] > git for-each-ref --format=%(refname)%00%(upstream:short)%00%(objectname)%00%(upstream:track)%00%(upstream:remotename)%00%(upstream:remoteref) refs/heads/main refs/remotes/main [3ms]
2026-05-08 10:45:16.722 [warning] [Git][revParse] Unable to read file: ENOENT: no such file or directory, open '/workspaces/family-monitor/.git/refs/remotes/origin/main'
2026-05-08 10:45:16.725 [info] > git rev-parse refs/remotes/origin/main [3ms]
2026-05-08 10:45:16.758 [info] > git for-each-ref --sort -committerdate --format %(refname)%00%(objectname)%00%(*objectname) [3ms]
2026-05-08 10:45:16.763 [info] > git status -z -uall [28ms]
2026-05-08 10:45:22.002 [info] > git config --get commit.template [32ms]
2026-05-08 10:45:22.007 [info] > git for-each-ref --format=%(refname)%00%(upstream:short)%00%(objectname)%00%(upstream:track)%00%(upstream:remotename)%00%(upstream:remoteref) refs/heads/main refs/remotes/main [8ms]
2026-05-08 10:45:22.036 [warning] [Git][revParse] Unable to read file: ENOENT: no such file or directory, open '/workspaces/family-monitor/.git/refs/remotes/origin/main'
2026-05-08 10:45:22.042 [info] > git rev-parse refs/remotes/origin/main [6ms]
2026-05-08 10:45:22.140 [info] > git status -z -uall [80ms]
2026-05-08 10:45:22.152 [info] > git for-each-ref --sort -committerdate --format %(refname)%00%(objectname)%00%(*objectname) [19ms]
2026-05-08 10:45:27.247 [info] > git config --get commit.template [43ms]
2026-05-08 10:45:27.263 [info] > git for-each-ref --format=%(refname)%00%(upstream:short)%00%(objectname)%00%(upstream:track)%00%(upstream:remotename)%00%(upstream:remoteref) refs/heads/main refs/remotes/main [24ms]
2026-05-08 10:45:27.322 [warning] [Git][revParse] Unable to read file: ENOENT: no such file or directory, open '/workspaces/family-monitor/.git/refs/remotes/origin/main'
2026-05-08 10:45:27.340 [info] > git rev-parse refs/remotes/origin/main [18ms]
2026-05-08 10:45:27.442 [info] > git status -z -uall [71ms]
2026-05-08 10:45:27.453 [info] > git for-each-ref --sort -committerdate --format %(refname)%00%(objectname)%00%(*objectname) [12ms]
2026-05-08 10:45:34.991 [info] > git config --get commit.template [33ms]
2026-05-08 10:45:34.996 [info] > git for-each-ref --format=%(refname)%00%(upstream:short)%00%(objectname)%00%(upstream:track)%00%(upstream:remotename)%00%(upstream:remoteref) refs/heads/main refs/remotes/main [7ms]
2026-05-08 10:45:35.020 [warning] [Git][revParse] Unable to read file: ENOENT: no such file or directory, open '/workspaces/family-monitor/.git/refs/remotes/origin/main'
2026-05-08 10:45:35.026 [info] > git rev-parse refs/remotes/origin/main [6ms]
2026-05-08 10:45:35.079 [info] > git status -z -uall [25ms]
2026-05-08 10:45:35.084 [info] > git for-each-ref --sort -committerdate --format %(refname)%00%(objectname)%00%(*objectname) [5ms]
2026-05-08 10:45:54.584 [info] > git config --get commit.template [29ms]
2026-05-08 10:45:54.589 [info] > git for-each-ref --format=%(refname)%00%(upstream:short)%00%(objectname)%00%(upstream:track)%00%(upstream:remotename)%00%(upstream:remoteref) refs/heads/main refs/remotes/main [6ms]
2026-05-08 10:45:54.615 [warning] [Git][revParse] Unable to read file: ENOENT: no such file or directory, open '/workspaces/family-monitor/.git/refs/remotes/origin/main'
2026-05-08 10:45:54.622 [info] > git rev-parse refs/remotes/origin/main [7ms]
2026-05-08 10:45:54.684 [info] > git status -z -uall [32ms]
2026-05-08 10:45:54.686 [info] > git for-each-ref --sort -committerdate --format %(refname)%00%(objectname)%00%(*objectname) [3ms]
2026-05-08 10:45:59.711 [info] > git config --get commit.template [3ms]
2026-05-08 10:45:59.743 [info] > git for-each-ref --format=%(refname)%00%(upstream:short)%00%(objectname)%00%(upstream:track)%00%(upstream:remotename)%00%(upstream:remoteref) refs/heads/main refs/remotes/main [4ms]
2026-05-08 10:45:59.761 [warning] [Git][revParse] Unable to read file: ENOENT: no such file or directory, open '/workspaces/family-monitor/.git/refs/remotes/origin/main'
2026-05-08 10:45:59.763 [info] > git rev-parse refs/remotes/origin/main [2ms]
2026-05-08 10:45:59.811 [info] > git status -z -uall [31ms]
2026-05-08 10:45:59.822 [info] > git for-each-ref --sort -committerdate --format %(refname)%00%(objectname)%00%(*objectname) [18ms]
2026-05-08 10:46:04.921 [info] > git config --get commit.template [50ms]
2026-05-08 10:46:04.923 [info] > git for-each-ref --format=%(refname)%00%(upstream:short)%00%(objectname)%00%(upstream:track)%00%(upstream:remotename)%00%(upstream:remoteref) refs/heads/main refs/remotes/main [7ms]
2026-05-08 10:46:04.956 [warning] [Git][revParse] Unable to read file: ENOENT: no such file or directory, open '/workspaces/family-monitor/.git/refs/remotes/origin/main'
2026-05-08 10:46:04.966 [info] > git rev-parse refs/remotes/origin/main [10ms]
2026-05-08 10:46:05.057 [info] > git status -z -uall [54ms]
2026-05-08 10:46:05.064 [info] > git for-each-ref --sort -committerdate --format %(refname)%00%(objectname)%00%(*objectname) [26ms]
2026-05-08 10:46:10.081 [info] > git config --get commit.template [2ms]
2026-05-08 10:46:10.093 [info] > git for-each-ref --format=%(refname)%00%(upstream:short)%00%(objectname)%00%(upstream:track)%00%(upstream:remotename)%00%(upstream:remoteref) refs/heads/main refs/remotes/main [2ms]
2026-05-08 10:46:10.101 [warning] [Git][revParse] Unable to read file: ENOENT: no such file or directory, open '/workspaces/family-monitor/.git/refs/remotes/origin/main'
2026-05-08 10:46:10.102 [info] > git rev-parse refs/remotes/origin/main [1ms]
2026-05-08 10:46:10.125 [info] > git status -z -uall [16ms]
2026-05-08 10:46:10.127 [info] > git for-each-ref --sort -committerdate --format %(refname)%00%(objectname)%00%(*objectname) [6ms]
2026-05-08 10:47:13.262 [info] > git config --get commit.template [35ms]
2026-05-08 10:47:13.270 [info] > git for-each-ref --format=%(refname)%00%(upstream:short)%00%(objectname)%00%(upstream:track)%00%(upstream:remotename)%00%(upstream:remoteref) refs/heads/main refs/remotes/main [8ms]
2026-05-08 10:47:13.292 [warning] [Git][revParse] Unable to read file: ENOENT: no such file or directory, open '/workspaces/family-monitor/.git/refs/remotes/origin/main'
2026-05-08 10:47:13.302 [info] > git rev-parse refs/remotes/origin/main [10ms]
2026-05-08 10:47:13.359 [info] > git status -z -uall [31ms]
2026-05-08 10:47:13.371 [info] > git for-each-ref --sort -committerdate --format %(refname)%00%(objectname)%00%(*objectname) [14ms]
2026-05-08 10:47:18.401 [info] > git config --get commit.template [20ms]
2026-05-08 10:47:18.412 [info] > git for-each-ref --format=%(refname)%00%(upstream:short)%00%(objectname)%00%(upstream:track)%00%(upstream:remotename)%00%(upstream:remoteref) refs/heads/main refs/remotes/main [11ms]
2026-05-08 10:47:18.430 [warning] [Git][revParse] Unable to read file: ENOENT: no such file or directory, open '/workspaces/family-monitor/.git/refs/remotes/origin/main'
2026-05-08 10:47:18.432 [info] > git rev-parse refs/remotes/origin/main [2ms]
2026-05-08 10:47:18.466 [info] > git status -z -uall [24ms]
2026-05-08 10:47:18.472 [info] > git for-each-ref --sort -committerdate --format %(refname)%00%(objectname)%00%(*objectname) [7ms]
2026-05-08 10:47:28.950 [info] > git config --get commit.template [7ms]
2026-05-08 10:47:29.009 [info] > git for-each-ref --format=%(refname)%00%(upstream:short)%00%(objectname)%00%(upstream:track)%00%(upstream:remotename)%00%(upstream:remoteref) refs/heads/main refs/remotes/main [10ms]
2026-05-08 10:47:29.055 [warning] [Git][revParse] Unable to read file: ENOENT: no such file or directory, open '/workspaces/family-monitor/.git/refs/remotes/origin/main'
2026-05-08 10:47:29.062 [info] > git rev-parse refs/remotes/origin/main [7ms]
2026-05-08 10:47:29.190 [info] > git for-each-ref --sort -committerdate --format %(refname)%00%(objectname)%00%(*objectname) [13ms]
2026-05-08 10:47:29.258 [info] > git status -z -uall [138ms]
2026-05-08 10:47:38.972 [info] > git config --local -l [7ms]
2026-05-08 10:47:39.127 [info] > git config --local -l [25ms]
2026-05-08 10:47:45.223 [info] > git config --get commit.template [346ms]
2026-05-08 10:47:45.261 [info] > git for-each-ref --format=%(refname)%00%(upstream:short)%00%(objectname)%00%(upstream:track)%00%(upstream:remotename)%00%(upstream:remoteref) refs/heads/main refs/remotes/main [344ms]
2026-05-08 10:47:45.287 [warning] [Git][revParse] Unable to read file: ENOENT: no such file or directory, open '/workspaces/family-monitor/.git/refs/remotes/origin/main'
2026-05-08 10:47:45.293 [info] > git rev-parse refs/remotes/origin/main [6ms]
2026-05-08 10:47:45.398 [info] > git for-each-ref --sort -committerdate --format %(refname)%00%(objectname)%00%(*objectname) [25ms]
2026-05-08 10:47:45.565 [info] > git status -z -uall [237ms]
2026-05-08 10:47:54.393 [info] > git config --get commit.template [338ms]
2026-05-08 10:47:54.401 [info] > git for-each-ref --format=%(refname)%00%(upstream:short)%00%(objectname)%00%(upstream:track)%00%(upstream:remotename)%00%(upstream:remoteref) refs/heads/main refs/remotes/main [300ms]
2026-05-08 10:47:54.426 [warning] [Git][revParse] Unable to read file: ENOENT: no such file or directory, open '/workspaces/family-monitor/.git/refs/remotes/origin/main'
2026-05-08 10:47:54.447 [info] > git rev-parse refs/remotes/origin/main [21ms]
2026-05-08 10:47:54.527 [info] > git for-each-ref --sort -committerdate --format %(refname)%00%(objectname)%00%(*objectname) [27ms]
2026-05-08 10:47:54.582 [info] > git status -z -uall [107ms]
2026-05-08 10:47:59.621 [info] > git config --get commit.template [9ms]
2026-05-08 10:47:59.650 [info] > git for-each-ref --format=%(refname)%00%(upstream:short)%00%(objectname)%00%(upstream:track)%00%(upstream:remotename)%00%(upstream:remoteref) refs/heads/main refs/remotes/main [7ms]
2026-05-08 10:47:59.671 [warning] [Git][revParse] Unable to read file: ENOENT: no such file or directory, open '/workspaces/family-monitor/.git/refs/remotes/origin/main'
2026-05-08 10:47:59.675 [info] > git rev-parse refs/remotes/origin/main [4ms]
2026-05-08 10:47:59.733 [info] > git for-each-ref --sort -committerdate --format %(refname)%00%(objectname)%00%(*objectname) [15ms]
2026-05-08 10:47:59.745 [info] > git status -z -uall [55ms]
2026-05-08 10:48:05.357 [info] > git config --get commit.template [3ms]
2026-05-08 10:48:05.358 [info] > git for-each-ref --format=%(refname)%00%(upstream:short)%00%(objectname)%00%(upstream:track)%00%(upstream:remotename)%00%(upstream:remoteref) refs/heads/main refs/remotes/main [18ms]
2026-05-08 10:48:05.393 [warning] [Git][revParse] Unable to read file: ENOENT: no such file or directory, open '/workspaces/family-monitor/.git/refs/remotes/origin/main'
2026-05-08 10:48:05.408 [info] > git rev-parse refs/remotes/origin/main [15ms]
2026-05-08 10:48:05.505 [info] > git status -z -uall [61ms]
2026-05-08 10:48:05.511 [info] > git for-each-ref --sort -committerdate --format %(refname)%00%(objectname)%00%(*objectname) [15ms]
2026-05-08 10:48:11.146 [info] > git config --get commit.template [46ms]
2026-05-08 10:48:11.155 [info] > git for-each-ref --format=%(refname)%00%(upstream:short)%00%(objectname)%00%(upstream:track)%00%(upstream:remotename)%00%(upstream:remoteref) refs/heads/main refs/remotes/main [13ms]
2026-05-08 10:48:11.192 [warning] [Git][revParse] Unable to read file: ENOENT: no such file or directory, open '/workspaces/family-monitor/.git/refs/remotes/origin/main'
2026-05-08 10:48:11.203 [info] > git rev-parse refs/remotes/origin/main [11ms]
2026-05-08 10:48:11.323 [info] > git for-each-ref --sort -committerdate --format %(refname)%00%(objectname)%00%(*objectname) [71ms]
2026-05-08 10:48:11.385 [info] > git status -z -uall [154ms]
2026-05-08 10:48:17.482 [info] > git config --get commit.template [17ms]
2026-05-08 10:48:17.483 [info] > git for-each-ref --format=%(refname)%00%(upstream:short)%00%(objectname)%00%(upstream:track)%00%(upstream:remotename)%00%(upstream:remoteref) refs/heads/main refs/remotes/main [2ms]
2026-05-08 10:48:17.492 [warning] [Git][revParse] Unable to read file: ENOENT: no such file or directory, open '/workspaces/family-monitor/.git/refs/remotes/origin/main'
2026-05-08 10:48:17.492 [info] > git rev-parse refs/remotes/origin/main [0ms]
2026-05-08 10:48:17.516 [info] > git status -z -uall [17ms]
2026-05-08 10:48:17.516 [info] > git for-each-ref --sort -committerdate --format %(refname)%00%(objectname)%00%(*objectname) [2ms]
2026-05-08 10:48:27.024 [info] > git config --get commit.template [6ms]
2026-05-08 10:48:27.036 [info] > git for-each-ref --format=%(refname)%00%(upstream:short)%00%(objectname)%00%(upstream:track)%00%(upstream:remotename)%00%(upstream:remoteref) refs/heads/main refs/remotes/main [1ms]
2026-05-08 10:48:27.047 [warning] [Git][revParse] Unable to read file: ENOENT: no such file or directory, open '/workspaces/family-monitor/.git/refs/remotes/origin/main'
2026-05-08 10:48:27.051 [info] > git rev-parse refs/remotes/origin/main [4ms]
2026-05-08 10:48:27.074 [info] > git status -z -uall [9ms]
2026-05-08 10:48:27.077 [info] > git for-each-ref --sort -committerdate --format %(refname)%00%(objectname)%00%(*objectname) [4ms]
2026-05-08 10:48:39.491 [info] > git config --get commit.template [21ms]
2026-05-08 10:48:39.493 [info] > git for-each-ref --format=%(refname)%00%(upstream:short)%00%(objectname)%00%(upstream:track)%00%(upstream:remotename)%00%(upstream:remoteref) refs/heads/main refs/remotes/main [3ms]
2026-05-08 10:48:39.514 [warning] [Git][revParse] Unable to read file: ENOENT: no such file or directory, open '/workspaces/family-monitor/.git/refs/remotes/origin/main'
2026-05-08 10:48:39.514 [info] > git rev-parse refs/remotes/origin/main [0ms]
2026-05-08 10:48:39.565 [info] > git status -z -uall [29ms]
2026-05-08 10:48:39.583 [info] > git for-each-ref --sort -committerdate --format %(refname)%00%(objectname)%00%(*objectname) [18ms]
2026-05-08 10:48:44.680 [info] > git config --get commit.template [49ms]
2026-05-08 10:48:44.691 [info] > git for-each-ref --format=%(refname)%00%(upstream:short)%00%(objectname)%00%(upstream:track)%00%(upstream:remotename)%00%(upstream:remoteref) refs/heads/main refs/remotes/main [13ms]
2026-05-08 10:48:44.727 [warning] [Git][revParse] Unable to read file: ENOENT: no such file or directory, open '/workspaces/family-monitor/.git/refs/remotes/origin/main'
2026-05-08 10:48:44.733 [info] > git rev-parse refs/remotes/origin/main [6ms]
2026-05-08 10:48:44.798 [info] > git status -z -uall [36ms]
2026-05-08 10:48:44.805 [info] > git for-each-ref --sort -committerdate --format %(refname)%00%(objectname)%00%(*objectname) [10ms]
2026-05-08 10:48:52.424 [info] > git config --get commit.template [18ms]
2026-05-08 10:48:52.426 [info] > git for-each-ref --format=%(refname)%00%(upstream:short)%00%(objectname)%00%(upstream:track)%00%(upstream:remotename)%00%(upstream:remoteref) refs/heads/main refs/remotes/main [4ms]
2026-05-08 10:48:52.445 [warning] [Git][revParse] Unable to read file: ENOENT: no such file or directory, open '/workspaces/family-monitor/.git/refs/remotes/origin/main'
2026-05-08 10:48:52.449 [info] > git rev-parse refs/remotes/origin/main [4ms]
2026-05-08 10:48:52.507 [info] > git status -z -uall [39ms]
2026-05-08 10:48:52.510 [info] > git for-each-ref --sort -committerdate --format %(refname)%00%(objectname)%00%(*objectname) [14ms]
2026-05-08 10:49:02.373 [info] > git config --get commit.template [314ms]
2026-05-08 10:49:02.415 [info] > git for-each-ref --format=%(refname)%00%(upstream:short)%00%(objectname)%00%(upstream:track)%00%(upstream:remotename)%00%(upstream:remoteref) refs/heads/main refs/remotes/main [379ms]
2026-05-08 10:49:02.430 [warning] [Git][revParse] Unable to read file: ENOENT: no such file or directory, open '/workspaces/family-monitor/.git/refs/remotes/origin/main'
2026-05-08 10:49:02.434 [info] > git rev-parse refs/remotes/origin/main [4ms]
2026-05-08 10:49:02.505 [info] > git for-each-ref --sort -committerdate --format %(refname)%00%(objectname)%00%(*objectname) [28ms]
2026-05-08 10:49:02.602 [info] > git status -z -uall [146ms]
2026-05-08 10:49:07.616 [info] > git config --get commit.template [1ms]
2026-05-08 10:49:07.627 [info] > git for-each-ref --format=%(refname)%00%(upstream:short)%00%(objectname)%00%(upstream:track)%00%(upstream:remotename)%00%(upstream:remoteref) refs/heads/main refs/remotes/main [3ms]
2026-05-08 10:49:07.635 [warning] [Git][revParse] Unable to read file: ENOENT: no such file or directory, open '/workspaces/family-monitor/.git/refs/remotes/origin/main'
2026-05-08 10:49:07.637 [info] > git rev-parse refs/remotes/origin/main [3ms]
2026-05-08 10:49:07.654 [info] > git status -z -uall [10ms]
2026-05-08 10:49:07.657 [info] > git for-each-ref --sort -committerdate --format %(refname)%00%(objectname)%00%(*objectname) [3ms]
2026-05-08 10:52:40.593 [info] > git config --local -l [3ms]
2026-05-08 10:52:40.762 [info] > git config --local -l [1ms]
2026-05-08 10:57:42.995 [info] > git config --local -l [0ms]
2026-05-08 11:07:49.215 [info] > git config --local -l [4ms]
2026-05-08 11:09:43.013 [info] > git config --local -l [3ms]
2026-05-08 11:10:10.410 [info] > git config --local -l [6ms]
2026-05-08 11:11:14.006 [info] > git config --get commit.template [0ms]
2026-05-08 11:11:14.018 [info] > git for-each-ref --format=%(refname)%00%(upstream:short)%00%(objectname)%00%(upstream:track)%00%(upstream:remotename)%00%(upstream:remoteref) refs/heads/main refs/remotes/main [2ms]
2026-05-08 11:11:14.025 [warning] [Git][revParse] Unable to read file: ENOENT: no such file or directory, open '/workspaces/family-monitor/.git/refs/remotes/origin/main'
2026-05-08 11:11:14.027 [info] > git rev-parse refs/remotes/origin/main [2ms]
2026-05-08 11:11:14.047 [info] > git status -z -uall [13ms]
2026-05-08 11:11:14.049 [info] > git for-each-ref --sort -committerdate --format %(refname)%00%(objectname)%00%(*objectname) [3ms]
2026-05-08 11:11:28.783 [info] > git config --get commit.template [3ms]
2026-05-08 11:11:28.793 [info] > git for-each-ref --format=%(refname)%00%(upstream:short)%00%(objectname)%00%(upstream:track)%00%(upstream:remotename)%00%(upstream:remoteref) refs/heads/main refs/remotes/main [3ms]
2026-05-08 11:11:28.801 [warning] [Git][revParse] Unable to read file: ENOENT: no such file or directory, open '/workspaces/family-monitor/.git/refs/remotes/origin/main'
2026-05-08 11:11:28.802 [info] > git rev-parse refs/remotes/origin/main [1ms]
2026-05-08 11:11:28.820 [info] > git status -z -uall [11ms]
2026-05-08 11:11:28.824 [info] > git for-each-ref --sort -committerdate --format %(refname)%00%(objectname)%00%(*objectname) [5ms]
2026-05-08 11:11:38.318 [info] > git config --get commit.template [40ms]
2026-05-08 11:11:38.330 [info] > git for-each-ref --format=%(refname)%00%(upstream:short)%00%(objectname)%00%(upstream:track)%00%(upstream:remotename)%00%(upstream:remoteref) refs/heads/main refs/remotes/main [15ms]
2026-05-08 11:11:38.355 [warning] [Git][revParse] Unable to read file: ENOENT: no such file or directory, open '/workspaces/family-monitor/.git/refs/remotes/origin/main'
2026-05-08 11:11:38.364 [info] > git rev-parse refs/remotes/origin/main [9ms]
2026-05-08 11:11:38.477 [info] > git status -z -uall [65ms]
2026-05-08 11:11:38.501 [info] > git for-each-ref --sort -committerdate --format %(refname)%00%(objectname)%00%(*objectname) [34ms]
2026-05-08 11:12:43.186 [info] > git config --get commit.template [0ms]
2026-05-08 11:12:43.191 [info] > git for-each-ref --format=%(refname)%00%(upstream:short)%00%(objectname)%00%(upstream:track)%00%(upstream:remotename)%00%(upstream:remoteref) refs/heads/main refs/remotes/main [21ms]
2026-05-08 11:12:43.202 [warning] [Git][revParse] Unable to read file: ENOENT: no such file or directory, open '/workspaces/family-monitor/.git/refs/remotes/origin/main'
2026-05-08 11:12:43.207 [info] > git rev-parse refs/remotes/origin/main [4ms]
2026-05-08 11:12:43.236 [info] > git for-each-ref --sort -committerdate --format %(refname)%00%(objectname)%00%(*objectname) [8ms]
2026-05-08 11:12:43.286 [info] > git status -z -uall [70ms]
2026-05-08 11:12:48.315 [info] > git config --get commit.template [12ms]
2026-05-08 11:12:48.316 [info] > git for-each-ref --format=%(refname)%00%(upstream:short)%00%(objectname)%00%(upstream:track)%00%(upstream:remotename)%00%(upstream:remoteref) refs/heads/main refs/remotes/main [3ms]
2026-05-08 11:12:48.324 [warning] [Git][revParse] Unable to read file: ENOENT: no such file or directory, open '/workspaces/family-monitor/.git/refs/remotes/origin/main'
2026-05-08 11:12:48.326 [info] > git rev-parse refs/remotes/origin/main [2ms]
2026-05-08 11:12:48.348 [info] > git status -z -uall [14ms]
2026-05-08 11:12:48.350 [info] > git for-each-ref --sort -committerdate --format %(refname)%00%(objectname)%00%(*objectname) [2ms]
2026-05-08 11:14:02.852 [info] > git config --get commit.template [18ms]
2026-05-08 11:14:02.854 [info] > git for-each-ref --format=%(refname)%00%(upstream:short)%00%(objectname)%00%(upstream:track)%00%(upstream:remotename)%00%(upstream:remoteref) refs/heads/main refs/remotes/main [3ms]
2026-05-08 11:14:02.869 [warning] [Git][revParse] Unable to read file: ENOENT: no such file or directory, open '/workspaces/family-monitor/.git/refs/remotes/origin/main'
2026-05-08 11:14:02.869 [info] > git rev-parse refs/remotes/origin/main [0ms]
2026-05-08 11:14:02.902 [info] > git status -z -uall [19ms]
2026-05-08 11:14:02.906 [info] > git for-each-ref --sort -committerdate --format %(refname)%00%(objectname)%00%(*objectname) [5ms]
2026-05-08 11:14:28.372 [info] > git config --get commit.template [2ms]
2026-05-08 11:14:28.397 [info] > git for-each-ref --format=%(refname)%00%(upstream:short)%00%(objectname)%00%(upstream:track)%00%(upstream:remotename)%00%(upstream:remoteref) refs/heads/main refs/remotes/main [4ms]
2026-05-08 11:14:28.411 [warning] [Git][revParse] Unable to read file: ENOENT: no such file or directory, open '/workspaces/family-monitor/.git/refs/remotes/origin/main'
2026-05-08 11:14:28.414 [info] > git rev-parse refs/remotes/origin/main [3ms]
2026-05-08 11:14:28.443 [info] > git status -z -uall [15ms]
2026-05-08 11:14:28.447 [info] > git for-each-ref --sort -committerdate --format %(refname)%00%(objectname)%00%(*objectname) [4ms]
2026-05-08 11:14:35.160 [info] > git config --get commit.template [4ms]
2026-05-08 11:14:35.204 [info] > git for-each-ref --format=%(refname)%00%(upstream:short)%00%(objectname)%00%(upstream:track)%00%(upstream:remotename)%00%(upstream:remoteref) refs/heads/main refs/remotes/main [12ms]
2026-05-08 11:14:35.239 [warning] [Git][revParse] Unable to read file: ENOENT: no such file or directory, open '/workspaces/family-monitor/.git/refs/remotes/origin/main'
2026-05-08 11:14:35.253 [info] > git rev-parse refs/remotes/origin/main [15ms]
2026-05-08 11:14:35.331 [info] > git status -z -uall [39ms]
2026-05-08 11:14:35.334 [info] > git for-each-ref --sort -committerdate --format %(refname)%00%(objectname)%00%(*objectname) [6ms]
2026-05-08 11:14:40.413 [info] > git config --get commit.template [21ms]
2026-05-08 11:14:40.436 [info] > git for-each-ref --format=%(refname)%00%(upstream:short)%00%(objectname)%00%(upstream:track)%00%(upstream:remotename)%00%(upstream:remoteref) refs/heads/main refs/remotes/main [2ms]
2026-05-08 11:14:40.448 [warning] [Git][revParse] Unable to read file: ENOENT: no such file or directory, open '/workspaces/family-monitor/.git/refs/remotes/origin/main'
2026-05-08 11:14:40.449 [info] > git rev-parse refs/remotes/origin/main [1ms]
2026-05-08 11:14:40.493 [info] > git status -z -uall [36ms]
2026-05-08 11:14:40.506 [info] > git for-each-ref --sort -committerdate --format %(refname)%00%(objectname)%00%(*objectname) [16ms]
2026-05-08 11:14:46.375 [info] > git config --get commit.template [196ms]
2026-05-08 11:14:46.387 [info] > git for-each-ref --format=%(refname)%00%(upstream:short)%00%(objectname)%00%(upstream:track)%00%(upstream:remotename)%00%(upstream:remoteref) refs/heads/main refs/remotes/main [230ms]
2026-05-08 11:14:46.429 [warning] [Git][revParse] Unable to read file: ENOENT: no such file or directory, open '/workspaces/family-monitor/.git/refs/remotes/origin/main'
2026-05-08 11:14:46.441 [info] > git rev-parse refs/remotes/origin/main [12ms]
2026-05-08 11:14:46.582 [info] > git status -z -uall [97ms]
2026-05-08 11:14:46.615 [info] > git for-each-ref --sort -committerdate --format %(refname)%00%(objectname)%00%(*objectname) [57ms]
2026-05-08 11:14:51.648 [info] > git config --get commit.template [0ms]
2026-05-08 11:14:51.683 [info] > git for-each-ref --format=%(refname)%00%(upstream:short)%00%(objectname)%00%(upstream:track)%00%(upstream:remotename)%00%(upstream:remoteref) refs/heads/main refs/remotes/main [18ms]
2026-05-08 11:14:51.719 [warning] [Git][revParse] Unable to read file: ENOENT: no such file or directory, open '/workspaces/family-monitor/.git/refs/remotes/origin/main'
2026-05-08 11:14:51.740 [info] > git rev-parse refs/remotes/origin/main [21ms]
2026-05-08 11:14:51.983 [info] > git status -z -uall [188ms]
2026-05-08 11:14:51.984 [info] > git for-each-ref --sort -committerdate --format %(refname)%00%(objectname)%00%(*objectname) [148ms]
2026-05-08 11:14:57.126 [info] > git config --get commit.template [64ms]
2026-05-08 11:14:57.138 [info] > git for-each-ref --format=%(refname)%00%(upstream:short)%00%(objectname)%00%(upstream:track)%00%(upstream:remotename)%00%(upstream:remoteref) refs/heads/main refs/remotes/main [25ms]
2026-05-08 11:14:57.205 [warning] [Git][revParse] Unable to read file: ENOENT: no such file or directory, open '/workspaces/family-monitor/.git/refs/remotes/origin/main'
2026-05-08 11:14:57.212 [info] > git rev-parse refs/remotes/origin/main [7ms]
2026-05-08 11:14:57.352 [info] > git for-each-ref --sort -committerdate --format %(refname)%00%(objectname)%00%(*objectname) [23ms]
2026-05-08 11:14:57.354 [info] > git status -z -uall [97ms]
2026-05-08 11:15:02.525 [info] > git config --get commit.template [84ms]
2026-05-08 11:15:02.597 [info] > git for-each-ref --format=%(refname)%00%(upstream:short)%00%(objectname)%00%(upstream:track)%00%(upstream:remotename)%00%(upstream:remoteref) refs/heads/main refs/remotes/main [73ms]
2026-05-08 11:15:02.694 [warning] [Git][revParse] Unable to read file: ENOENT: no such file or directory, open '/workspaces/family-monitor/.git/refs/remotes/origin/main'
2026-05-08 11:15:02.714 [info] > git rev-parse refs/remotes/origin/main [20ms]
2026-05-08 11:15:02.894 [info] > git status -z -uall [117ms]
2026-05-08 11:15:02.895 [info] > git for-each-ref --sort -committerdate --format %(refname)%00%(objectname)%00%(*objectname) [42ms]
2026-05-08 11:15:11.891 [info] > git config --local -l [1ms]
2026-05-08 11:15:12.015 [info] > git config --local -l [4ms]
2026-05-08 11:15:12.561 [info] > git config --get commit.template [4ms]
2026-05-08 11:15:12.575 [info] > git for-each-ref --format=%(refname)%00%(upstream:short)%00%(objectname)%00%(upstream:track)%00%(upstream:remotename)%00%(upstream:remoteref) refs/heads/main refs/remotes/main [4ms]
2026-05-08 11:15:12.585 [warning] [Git][revParse] Unable to read file: ENOENT: no such file or directory, open '/workspaces/family-monitor/.git/refs/remotes/origin/main'
2026-05-08 11:15:12.586 [info] > git rev-parse refs/remotes/origin/main [1ms]
2026-05-08 11:15:12.608 [info] > git status -z -uall [14ms]
2026-05-08 11:15:12.612 [info] > git for-each-ref --sort -committerdate --format %(refname)%00%(objectname)%00%(*objectname) [8ms]
2026-05-08 11:17:47.592 [info] > git config --get commit.template [33ms]
2026-05-08 11:17:47.596 [info] > git for-each-ref --format=%(refname)%00%(upstream:short)%00%(objectname)%00%(upstream:track)%00%(upstream:remotename)%00%(upstream:remoteref) refs/heads/main refs/remotes/main [5ms]
2026-05-08 11:17:47.623 [warning] [Git][revParse] Unable to read file: ENOENT: no such file or directory, open '/workspaces/family-monitor/.git/refs/remotes/origin/main'
2026-05-08 11:17:47.628 [info] > git rev-parse refs/remotes/origin/main [5ms]
2026-05-08 11:17:47.671 [info] > git status -z -uall [24ms]
2026-05-08 11:17:47.671 [info] > git for-each-ref --sort -committerdate --format %(refname)%00%(objectname)%00%(*objectname) [4ms]
2026-05-08 11:18:03.062 [info] > git config --get commit.template [4ms]
2026-05-08 11:18:03.137 [info] > git for-each-ref --format=%(refname)%00%(upstream:short)%00%(objectname)%00%(upstream:track)%00%(upstream:remotename)%00%(upstream:remoteref) refs/heads/main refs/remotes/main [11ms]
2026-05-08 11:18:03.189 [warning] [Git][revParse] Unable to read file: ENOENT: no such file or directory, open '/workspaces/family-monitor/.git/refs/remotes/origin/main'
2026-05-08 11:18:03.205 [info] > git rev-parse refs/remotes/origin/main [16ms]
2026-05-08 11:18:03.287 [info] > git status -z -uall [36ms]
2026-05-08 11:18:03.288 [info] > git for-each-ref --sort -committerdate --format %(refname)%00%(objectname)%00%(*objectname) [7ms]
2026-05-08 11:18:10.285 [info] > git config --get commit.template [57ms]
2026-05-08 11:18:10.289 [info] > git for-each-ref --format=%(refname)%00%(upstream:short)%00%(objectname)%00%(upstream:track)%00%(upstream:remotename)%00%(upstream:remoteref) refs/heads/main refs/remotes/main [9ms]
2026-05-08 11:18:10.345 [warning] [Git][revParse] Unable to read file: ENOENT: no such file or directory, open '/workspaces/family-monitor/.git/refs/remotes/origin/main'
2026-05-08 11:18:10.359 [info] > git rev-parse refs/remotes/origin/main [14ms]
2026-05-08 11:18:10.462 [info] > git status -z -uall [58ms]
2026-05-08 11:18:10.477 [info] > git for-each-ref --sort -committerdate --format %(refname)%00%(objectname)%00%(*objectname) [18ms]
2026-05-08 11:18:15.553 [info] > git config --get commit.template [41ms]
2026-05-08 11:18:15.559 [info] > git for-each-ref --format=%(refname)%00%(upstream:short)%00%(objectname)%00%(upstream:track)%00%(upstream:remotename)%00%(upstream:remoteref) refs/heads/main refs/remotes/main [7ms]
2026-05-08 11:18:15.590 [warning] [Git][revParse] Unable to read file: ENOENT: no such file or directory, open '/workspaces/family-monitor/.git/refs/remotes/origin/main'
2026-05-08 11:18:15.597 [info] > git rev-parse refs/remotes/origin/main [6ms]
2026-05-08 11:18:15.654 [info] > git status -z -uall [30ms]
2026-05-08 11:18:15.657 [info] > git for-each-ref --sort -committerdate --format %(refname)%00%(objectname)%00%(*objectname) [6ms]
2026-05-08 11:18:21.433 [info] > git config --get commit.template [39ms]
2026-05-08 11:18:21.448 [info] > git for-each-ref --format=%(refname)%00%(upstream:short)%00%(objectname)%00%(upstream:track)%00%(upstream:remotename)%00%(upstream:remoteref) refs/heads/main refs/remotes/main [18ms]
2026-05-08 11:18:21.499 [warning] [Git][revParse] Unable to read file: ENOENT: no such file or directory, open '/workspaces/family-monitor/.git/refs/remotes/origin/main'
2026-05-08 11:18:21.506 [info] > git rev-parse refs/remotes/origin/main [7ms]
2026-05-08 11:18:21.619 [info] > git status -z -uall [69ms]
2026-05-08 11:18:21.619 [info] > git for-each-ref --sort -committerdate --format %(refname)%00%(objectname)%00%(*objectname) [3ms]
2026-05-08 11:18:26.674 [info] > git config --get commit.template [6ms]
2026-05-08 11:18:26.710 [info] > git for-each-ref --format=%(refname)%00%(upstream:short)%00%(objectname)%00%(upstream:track)%00%(upstream:remotename)%00%(upstream:remoteref) refs/heads/main refs/remotes/main [6ms]
2026-05-08 11:18:26.743 [warning] [Git][revParse] Unable to read file: ENOENT: no such file or directory, open '/workspaces/family-monitor/.git/refs/remotes/origin/main'
2026-05-08 11:18:26.747 [info] > git rev-parse refs/remotes/origin/main [4ms]
2026-05-08 11:18:26.846 [info] > git status -z -uall [68ms]
2026-05-08 11:18:26.856 [info] > git for-each-ref --sort -committerdate --format %(refname)%00%(objectname)%00%(*objectname) [16ms]
2026-05-08 11:19:00.156 [info] > git config --get commit.template [19ms]
2026-05-08 11:19:00.287 [info] > git for-each-ref --format=%(refname)%00%(upstream:short)%00%(objectname)%00%(upstream:track)%00%(upstream:remotename)%00%(upstream:remoteref) refs/heads/main refs/remotes/main [6ms]
2026-05-08 11:19:00.314 [warning] [Git][revParse] Unable to read file: ENOENT: no such file or directory, open '/workspaces/family-monitor/.git/refs/remotes/origin/main'
2026-05-08 11:19:00.321 [info] > git rev-parse refs/remotes/origin/main [7ms]
2026-05-08 11:19:00.394 [info] > git for-each-ref --sort -committerdate --format %(refname)%00%(objectname)%00%(*objectname) [10ms]
2026-05-08 11:19:00.405 [info] > git status -z -uall [49ms]
2026-05-08 11:19:05.481 [info] > git config --get commit.template [45ms]
2026-05-08 11:19:05.482 [info] > git for-each-ref --format=%(refname)%00%(upstream:short)%00%(objectname)%00%(upstream:track)%00%(upstream:remotename)%00%(upstream:remoteref) refs/heads/main refs/remotes/main [5ms]
2026-05-08 11:19:05.514 [warning] [Git][revParse] Unable to read file: ENOENT: no such file or directory, open '/workspaces/family-monitor/.git/refs/remotes/origin/main'
2026-05-08 11:19:05.529 [info] > git rev-parse refs/remotes/origin/main [15ms]
2026-05-08 11:19:05.611 [info] > git status -z -uall [50ms]
2026-05-08 11:19:05.620 [info] > git for-each-ref --sort -committerdate --format %(refname)%00%(objectname)%00%(*objectname) [21ms]
2026-05-08 11:19:10.673 [info] > git config --get commit.template [21ms]
2026-05-08 11:19:10.677 [info] > git for-each-ref --format=%(refname)%00%(upstream:short)%00%(objectname)%00%(upstream:track)%00%(upstream:remotename)%00%(upstream:remoteref) refs/heads/main refs/remotes/main [5ms]
2026-05-08 11:19:10.691 [warning] [Git][revParse] Unable to read file: ENOENT: no such file or directory, open '/workspaces/family-monitor/.git/refs/remotes/origin/main'
2026-05-08 11:19:10.693 [info] > git rev-parse refs/remotes/origin/main [2ms]
2026-05-08 11:19:10.750 [info] > git status -z -uall [41ms]
2026-05-08 11:19:10.753 [info] > git for-each-ref --sort -committerdate --format %(refname)%00%(objectname)%00%(*objectname) [12ms]
2026-05-08 11:19:28.184 [info] > git config --get commit.template [18ms]
2026-05-08 11:19:28.186 [info] > git for-each-ref --format=%(refname)%00%(upstream:short)%00%(objectname)%00%(upstream:track)%00%(upstream:remotename)%00%(upstream:remoteref) refs/heads/main refs/remotes/main [3ms]
2026-05-08 11:19:28.198 [warning] [Git][revParse] Unable to read file: ENOENT: no such file or directory, open '/workspaces/family-monitor/.git/refs/remotes/origin/main'
2026-05-08 11:19:28.200 [info] > git rev-parse refs/remotes/origin/main [2ms]
2026-05-08 11:19:28.223 [info] > git status -z -uall [14ms]
2026-05-08 11:19:28.224 [info] > git for-each-ref --sort -committerdate --format %(refname)%00%(objectname)%00%(*objectname) [6ms]
2026-05-08 11:20:13.847 [info] > git config --local -l [4ms]
2026-05-08 11:20:13.960 [info] > git config --local -l [2ms]
2026-05-08 11:21:06.775 [info] > git config --get commit.template [0ms]
2026-05-08 11:21:06.786 [info] > git for-each-ref --format=%(refname)%00%(upstream:short)%00%(objectname)%00%(upstream:track)%00%(upstream:remotename)%00%(upstream:remoteref) refs/heads/main refs/remotes/main [3ms]
2026-05-08 11:21:06.793 [warning] [Git][revParse] Unable to read file: ENOENT: no such file or directory, open '/workspaces/family-monitor/.git/refs/remotes/origin/main'
2026-05-08 11:21:06.795 [info] > git rev-parse refs/remotes/origin/main [2ms]
2026-05-08 11:21:06.812 [info] > git status -z -uall [10ms]
2026-05-08 11:21:06.820 [info] > git for-each-ref --sort -committerdate --format %(refname)%00%(objectname)%00%(*objectname) [8ms]
2026-05-08 11:21:18.573 [info] > git config --get commit.template [3ms]
2026-05-08 11:21:18.607 [info] > git for-each-ref --format=%(refname)%00%(upstream:short)%00%(objectname)%00%(upstream:track)%00%(upstream:remotename)%00%(upstream:remoteref) refs/heads/main refs/remotes/main [1ms]
2026-05-08 11:21:18.637 [warning] [Git][revParse] Unable to read file: ENOENT: no such file or directory, open '/workspaces/family-monitor/.git/refs/remotes/origin/main'
2026-05-08 11:21:18.638 [info] > git rev-parse refs/remotes/origin/main [3ms]
2026-05-08 11:21:18.661 [info] > git status -z -uall [14ms]
2026-05-08 11:21:18.663 [info] > git for-each-ref --sort -committerdate --format %(refname)%00%(objectname)%00%(*objectname) [3ms]
2026-05-08 11:21:30.327 [info] > git config --get commit.template [5ms]
2026-05-08 11:21:30.372 [info] > git for-each-ref --format=%(refname)%00%(upstream:short)%00%(objectname)%00%(upstream:track)%00%(upstream:remotename)%00%(upstream:remoteref) refs/heads/main refs/remotes/main [17ms]
2026-05-08 11:21:30.401 [warning] [Git][revParse] Unable to read file: ENOENT: no such file or directory, open '/workspaces/family-monitor/.git/refs/remotes/origin/main'
2026-05-08 11:21:30.404 [info] > git rev-parse refs/remotes/origin/main [3ms]
2026-05-08 11:21:30.452 [info] > git status -z -uall [33ms]
2026-05-08 11:21:30.454 [info] > git for-each-ref --sort -committerdate --format %(refname)%00%(objectname)%00%(*objectname) [7ms]
2026-05-08 11:21:35.512 [info] > git config --get commit.template [17ms]
2026-05-08 11:21:35.513 [info] > git for-each-ref --format=%(refname)%00%(upstream:short)%00%(objectname)%00%(upstream:track)%00%(upstream:remotename)%00%(upstream:remoteref) refs/heads/main refs/remotes/main [4ms]
2026-05-08 11:21:35.530 [warning] [Git][revParse] Unable to read file: ENOENT: no such file or directory, open '/workspaces/family-monitor/.git/refs/remotes/origin/main'
2026-05-08 11:21:35.533 [info] > git rev-parse refs/remotes/origin/main [3ms]
2026-05-08 11:21:35.576 [info] > git status -z -uall [26ms]
2026-05-08 11:21:35.580 [info] > git for-each-ref --sort -committerdate --format %(refname)%00%(objectname)%00%(*objectname) [11ms]
2026-05-08 11:21:41.185 [info] > git config --get commit.template [2ms]
2026-05-08 11:21:41.213 [info] > git for-each-ref --format=%(refname)%00%(upstream:short)%00%(objectname)%00%(upstream:track)%00%(upstream:remotename)%00%(upstream:remoteref) refs/heads/main refs/remotes/main [9ms]
2026-05-08 11:21:41.235 [warning] [Git][revParse] Unable to read file: ENOENT: no such file or directory, open '/workspaces/family-monitor/.git/refs/remotes/origin/main'
2026-05-08 11:21:41.238 [info] > git rev-parse refs/remotes/origin/main [4ms]
2026-05-08 11:21:41.281 [info] > git status -z -uall [25ms]
2026-05-08 11:21:41.285 [info] > git for-each-ref --sort -committerdate --format %(refname)%00%(objectname)%00%(*objectname) [5ms]
2026-05-08 11:21:50.634 [info] > git config --get commit.template [726ms]
2026-05-08 11:21:50.634 [info] > git for-each-ref --format=%(refname)%00%(upstream:short)%00%(objectname)%00%(upstream:track)%00%(upstream:remotename)%00%(upstream:remoteref) refs/heads/main refs/remotes/main [709ms]
2026-05-08 11:21:50.649 [warning] [Git][revParse] Unable to read file: ENOENT: no such file or directory, open '/workspaces/family-monitor/.git/refs/remotes/origin/main'
2026-05-08 11:21:50.652 [info] > git rev-parse refs/remotes/origin/main [3ms]
2026-05-08 11:21:50.687 [info] > git for-each-ref --sort -committerdate --format %(refname)%00%(objectname)%00%(*objectname) [6ms]
2026-05-08 11:21:51.135 [info] > git status -z -uall [466ms]
2026-05-08 11:21:56.170 [info] > git config --get commit.template [10ms]
2026-05-08 11:21:56.197 [info] > git for-each-ref --format=%(refname)%00%(upstream:short)%00%(objectname)%00%(upstream:track)%00%(upstream:remotename)%00%(upstream:remoteref) refs/heads/main refs/remotes/main [3ms]
2026-05-08 11:21:56.210 [warning] [Git][revParse] Unable to read file: ENOENT: no such file or directory, open '/workspaces/family-monitor/.git/refs/remotes/origin/main'
2026-05-08 11:21:56.213 [info] > git rev-parse refs/remotes/origin/main [3ms]
2026-05-08 11:21:56.243 [info] > git status -z -uall [15ms]
2026-05-08 11:21:56.246 [info] > git for-each-ref --sort -committerdate --format %(refname)%00%(objectname)%00%(*objectname) [7ms]
2026-05-08 11:22:26.878 [info] > git config --get commit.template [3ms]
2026-05-08 11:22:26.892 [info] > git for-each-ref --format=%(refname)%00%(upstream:short)%00%(objectname)%00%(upstream:track)%00%(upstream:remotename)%00%(upstream:remoteref) refs/heads/main refs/remotes/main [1ms]
2026-05-08 11:22:26.899 [warning] [Git][revParse] Unable to read file: ENOENT: no such file or directory, open '/workspaces/family-monitor/.git/refs/remotes/origin/main'
2026-05-08 11:22:26.900 [info] > git rev-parse refs/remotes/origin/main [1ms]
2026-05-08 11:22:26.920 [info] > git status -z -uall [12ms]
2026-05-08 11:22:26.926 [info] > git for-each-ref --sort -committerdate --format %(refname)%00%(objectname)%00%(*objectname) [8ms]
2026-05-08 11:23:07.459 [info] > git config --get commit.template [3ms]
2026-05-08 11:23:07.470 [info] > git for-each-ref --format=%(refname)%00%(upstream:short)%00%(objectname)%00%(upstream:track)%00%(upstream:remotename)%00%(upstream:remoteref) refs/heads/main refs/remotes/main [2ms]
2026-05-08 11:23:07.478 [warning] [Git][revParse] Unable to read file: ENOENT: no such file or directory, open '/workspaces/family-monitor/.git/refs/remotes/origin/main'
2026-05-08 11:23:07.479 [info] > git rev-parse refs/remotes/origin/main [1ms]
2026-05-08 11:23:07.500 [info] > git status -z -uall [13ms]
2026-05-08 11:23:07.505 [info] > git for-each-ref --sort -committerdate --format %(refname)%00%(objectname)%00%(*objectname) [8ms]
2026-05-08 11:23:14.964 [info] > git config --get commit.template [35ms]
2026-05-08 11:23:14.976 [info] > git for-each-ref --format=%(refname)%00%(upstream:short)%00%(objectname)%00%(upstream:track)%00%(upstream:remotename)%00%(upstream:remoteref) refs/heads/main refs/remotes/main [12ms]
2026-05-08 11:23:15.004 [warning] [Git][revParse] Unable to read file: ENOENT: no such file or directory, open '/workspaces/family-monitor/.git/refs/remotes/origin/main'
2026-05-08 11:23:15.010 [info] > git rev-parse refs/remotes/origin/main [7ms]
2026-05-08 11:23:15.056 [info] > git status -z -uall [27ms]
2026-05-08 11:23:15.059 [info] > git for-each-ref --sort -committerdate --format %(refname)%00%(objectname)%00%(*objectname) [5ms]
2026-05-08 11:23:20.110 [info] > git config --get commit.template [3ms]
2026-05-08 11:23:20.150 [info] > git for-each-ref --format=%(refname)%00%(upstream:short)%00%(objectname)%00%(upstream:track)%00%(upstream:remotename)%00%(upstream:remoteref) refs/heads/main refs/remotes/main [10ms]
2026-05-08 11:23:20.173 [warning] [Git][revParse] Unable to read file: ENOENT: no such file or directory, open '/workspaces/family-monitor/.git/refs/remotes/origin/main'
2026-05-08 11:23:20.179 [info] > git rev-parse refs/remotes/origin/main [6ms]
2026-05-08 11:23:20.233 [info] > git status -z -uall [28ms]
2026-05-08 11:23:20.244 [info] > git for-each-ref --sort -committerdate --format %(refname)%00%(objectname)%00%(*objectname) [17ms]
2026-05-08 11:23:25.320 [info] > git for-each-ref --format=%(refname)%00%(upstream:short)%00%(objectname)%00%(upstream:track)%00%(upstream:remotename)%00%(upstream:remoteref) refs/heads/main refs/remotes/main [5ms]
2026-05-08 11:23:25.321 [info] > git config --get commit.template [30ms]
2026-05-08 11:23:25.340 [warning] [Git][revParse] Unable to read file: ENOENT: no such file or directory, open '/workspaces/family-monitor/.git/refs/remotes/origin/main'
2026-05-08 11:23:25.342 [info] > git rev-parse refs/remotes/origin/main [2ms]
2026-05-08 11:23:25.395 [info] > git for-each-ref --sort -committerdate --format %(refname)%00%(objectname)%00%(*objectname) [13ms]
2026-05-08 11:23:25.413 [info] > git status -z -uall [58ms]
2026-05-08 11:23:30.507 [info] > git config --get commit.template [56ms]
2026-05-08 11:23:30.520 [info] > git for-each-ref --format=%(refname)%00%(upstream:short)%00%(objectname)%00%(upstream:track)%00%(upstream:remotename)%00%(upstream:remoteref) refs/heads/main refs/remotes/main [14ms]
2026-05-08 11:23:30.572 [warning] [Git][revParse] Unable to read file: ENOENT: no such file or directory, open '/workspaces/family-monitor/.git/refs/remotes/origin/main'
2026-05-08 11:23:30.590 [info] > git rev-parse refs/remotes/origin/main [18ms]
2026-05-08 11:23:30.696 [info] > git status -z -uall [73ms]
2026-05-08 11:23:30.722 [info] > git for-each-ref --sort -committerdate --format %(refname)%00%(objectname)%00%(*objectname) [34ms]
2026-05-08 11:23:35.767 [info] > git config --get commit.template [2ms]
2026-05-08 11:23:35.778 [info] > git for-each-ref --format=%(refname)%00%(upstream:short)%00%(objectname)%00%(upstream:track)%00%(upstream:remotename)%00%(upstream:remoteref) refs/heads/main refs/remotes/main [3ms]
2026-05-08 11:23:35.791 [warning] [Git][revParse] Unable to read file: ENOENT: no such file or directory, open '/workspaces/family-monitor/.git/refs/remotes/origin/main'
2026-05-08 11:23:35.794 [info] > git rev-parse refs/remotes/origin/main [3ms]
2026-05-08 11:23:35.818 [info] > git status -z -uall [15ms]
2026-05-08 11:23:35.828 [info] > git for-each-ref --sort -committerdate --format %(refname)%00%(objectname)%00%(*objectname) [11ms]
2026-05-08 11:25:15.653 [info] > git config --local -l [3ms]
2026-05-08 11:25:15.811 [info] > git config --local -l [4ms]
2026-05-08 11:25:57.844 [info] > git config --get commit.template [2ms]
2026-05-08 11:25:57.866 [info] > git for-each-ref --format=%(refname)%00%(upstream:short)%00%(objectname)%00%(upstream:track)%00%(upstream:remotename)%00%(upstream:remoteref) refs/heads/main refs/remotes/main [3ms]
2026-05-08 11:25:57.873 [warning] [Git][revParse] Unable to read file: ENOENT: no such file or directory, open '/workspaces/family-monitor/.git/refs/remotes/origin/main'
2026-05-08 11:25:57.875 [info] > git rev-parse refs/remotes/origin/main [2ms]
2026-05-08 11:25:57.899 [info] > git status -z -uall [16ms]
2026-05-08 11:25:57.912 [info] > git for-each-ref --sort -committerdate --format %(refname)%00%(objectname)%00%(*objectname) [16ms]
2026-05-08 11:26:02.940 [info] > git config --get commit.template [19ms]
2026-05-08 11:26:02.941 [info] > git for-each-ref --format=%(refname)%00%(upstream:short)%00%(objectname)%00%(upstream:track)%00%(upstream:remotename)%00%(upstream:remoteref) refs/heads/main refs/remotes/main [1ms]
2026-05-08 11:26:02.954 [warning] [Git][revParse] Unable to read file: ENOENT: no such file or directory, open '/workspaces/family-monitor/.git/refs/remotes/origin/main'
2026-05-08 11:26:02.955 [info] > git rev-parse refs/remotes/origin/main [1ms]
2026-05-08 11:26:02.985 [info] > git status -z -uall [18ms]
2026-05-08 11:26:02.990 [info] > git for-each-ref --sort -committerdate --format %(refname)%00%(objectname)%00%(*objectname) [9ms]
2026-05-08 11:26:10.445 [info] > git config --get commit.template [29ms]
2026-05-08 11:26:10.446 [info] > git for-each-ref --format=%(refname)%00%(upstream:short)%00%(objectname)%00%(upstream:track)%00%(upstream:remotename)%00%(upstream:remoteref) refs/heads/main refs/remotes/main [2ms]
2026-05-08 11:26:10.473 [warning] [Git][revParse] Unable to read file: ENOENT: no such file or directory, open '/workspaces/family-monitor/.git/refs/remotes/origin/main'
2026-05-08 11:26:10.479 [info] > git rev-parse refs/remotes/origin/main [6ms]
2026-05-08 11:26:10.528 [info] > git status -z -uall [27ms]
2026-05-08 11:26:10.540 [info] > git for-each-ref --sort -committerdate --format %(refname)%00%(objectname)%00%(*objectname) [13ms]
2026-05-08 11:26:15.595 [info] > git config --get commit.template [6ms]
2026-05-08 11:26:15.648 [info] > git for-each-ref --format=%(refname)%00%(upstream:short)%00%(objectname)%00%(upstream:track)%00%(upstream:remotename)%00%(upstream:remoteref) refs/heads/main refs/remotes/main [13ms]
2026-05-08 11:26:15.699 [warning] [Git][revParse] Unable to read file: ENOENT: no such file or directory, open '/workspaces/family-monitor/.git/refs/remotes/origin/main'
2026-05-08 11:26:15.708 [info] > git rev-parse refs/remotes/origin/main [9ms]
2026-05-08 11:26:15.816 [info] > git status -z -uall [52ms]
2026-05-08 11:26:15.822 [info] > git for-each-ref --sort -committerdate --format %(refname)%00%(objectname)%00%(*objectname) [10ms]
2026-05-08 11:26:20.901 [info] > git config --get commit.template [36ms]
2026-05-08 11:26:20.904 [info] > git for-each-ref --format=%(refname)%00%(upstream:short)%00%(objectname)%00%(upstream:track)%00%(upstream:remotename)%00%(upstream:remoteref) refs/heads/main refs/remotes/main [5ms]
2026-05-08 11:26:20.922 [warning] [Git][revParse] Unable to read file: ENOENT: no such file or directory, open '/workspaces/family-monitor/.git/refs/remotes/origin/main'
2026-05-08 11:26:20.927 [info] > git rev-parse refs/remotes/origin/main [5ms]
2026-05-08 11:26:20.979 [info] > git status -z -uall [32ms]
2026-05-08 11:26:20.994 [info] > git for-each-ref --sort -committerdate --format %(refname)%00%(objectname)%00%(*objectname) [21ms]
2026-05-08 11:26:28.062 [info] > git config --get commit.template [3ms]
2026-05-08 11:26:28.071 [info] > git for-each-ref --format=%(refname)%00%(upstream:short)%00%(objectname)%00%(upstream:track)%00%(upstream:remotename)%00%(upstream:remoteref) refs/heads/main refs/remotes/main [2ms]
2026-05-08 11:26:28.077 [warning] [Git][revParse] Unable to read file: ENOENT: no such file or directory, open '/workspaces/family-monitor/.git/refs/remotes/origin/main'
2026-05-08 11:26:28.079 [info] > git rev-parse refs/remotes/origin/main [2ms]
2026-05-08 11:26:28.101 [info] > git status -z -uall [15ms]
2026-05-08 11:26:28.104 [info] > git for-each-ref --sort -committerdate --format %(refname)%00%(objectname)%00%(*objectname) [7ms]
2026-05-08 11:26:33.119 [info] > git config --get commit.template [4ms]
2026-05-08 11:26:33.131 [info] > git for-each-ref --format=%(refname)%00%(upstream:short)%00%(objectname)%00%(upstream:track)%00%(upstream:remotename)%00%(upstream:remoteref) refs/heads/main refs/remotes/main [3ms]
2026-05-08 11:26:33.144 [warning] [Git][revParse] Unable to read file: ENOENT: no such file or directory, open '/workspaces/family-monitor/.git/refs/remotes/origin/main'
2026-05-08 11:26:33.144 [info] > git rev-parse refs/remotes/origin/main [0ms]
2026-05-08 11:26:33.163 [info] > git status -z -uall [8ms]
2026-05-08 11:26:33.165 [info] > git for-each-ref --sort -committerdate --format %(refname)%00%(objectname)%00%(*objectname) [2ms]
2026-05-08 11:27:49.707 [info] > git config --get commit.template [3ms]
2026-05-08 11:27:49.726 [info] > git for-each-ref --format=%(refname)%00%(upstream:short)%00%(objectname)%00%(upstream:track)%00%(upstream:remotename)%00%(upstream:remoteref) refs/heads/main refs/remotes/main [3ms]
2026-05-08 11:27:49.735 [warning] [Git][revParse] Unable to read file: ENOENT: no such file or directory, open '/workspaces/family-monitor/.git/refs/remotes/origin/main'
2026-05-08 11:27:49.737 [info] > git rev-parse refs/remotes/origin/main [2ms]
2026-05-08 11:27:49.758 [info] > git status -z -uall [13ms]
2026-05-08 11:27:49.763 [info] > git for-each-ref --sort -committerdate --format %(refname)%00%(objectname)%00%(*objectname) [6ms]
2026-05-08 11:27:54.831 [info] > git for-each-ref --format=%(refname)%00%(upstream:short)%00%(objectname)%00%(upstream:track)%00%(upstream:remotename)%00%(upstream:remoteref) refs/heads/main refs/remotes/main [0ms]
2026-05-08 11:27:54.831 [info] > git config --get commit.template [23ms]
2026-05-08 11:27:54.846 [warning] [Git][revParse] Unable to read file: ENOENT: no such file or directory, open '/workspaces/family-monitor/.git/refs/remotes/origin/main'
2026-05-08 11:27:54.850 [info] > git rev-parse refs/remotes/origin/main [4ms]
2026-05-08 11:27:54.875 [info] > git status -z -uall [12ms]
2026-05-08 11:27:54.883 [info] > git for-each-ref --sort -committerdate --format %(refname)%00%(objectname)%00%(*objectname) [9ms]
2026-05-08 11:27:59.905 [info] > git config --get commit.template [8ms]
2026-05-08 11:27:59.923 [info] > git for-each-ref --format=%(refname)%00%(upstream:short)%00%(objectname)%00%(upstream:track)%00%(upstream:remotename)%00%(upstream:remoteref) refs/heads/main refs/remotes/main [1ms]
2026-05-08 11:27:59.938 [warning] [Git][revParse] Unable to read file: ENOENT: no such file or directory, open '/workspaces/family-monitor/.git/refs/remotes/origin/main'
2026-05-08 11:27:59.940 [info] > git rev-parse refs/remotes/origin/main [2ms]
2026-05-08 11:27:59.960 [info] > git status -z -uall [10ms]
2026-05-08 11:27:59.962 [info] > git for-each-ref --sort -committerdate --format %(refname)%00%(objectname)%00%(*objectname) [4ms]
2026-05-08 11:28:32.721 [info] > git config --get commit.template [71ms]
2026-05-08 11:28:32.732 [info] > git for-each-ref --format=%(refname)%00%(upstream:short)%00%(objectname)%00%(upstream:track)%00%(upstream:remotename)%00%(upstream:remoteref) refs/heads/main refs/remotes/main [13ms]
2026-05-08 11:28:32.770 [warning] [Git][revParse] Unable to read file: ENOENT: no such file or directory, open '/workspaces/family-monitor/.git/refs/remotes/origin/main'
2026-05-08 11:28:32.776 [info] > git rev-parse refs/remotes/origin/main [6ms]
2026-05-08 11:28:32.886 [info] > git status -z -uall [68ms]
2026-05-08 11:28:32.898 [info] > git for-each-ref --sort -committerdate --format %(refname)%00%(objectname)%00%(*objectname) [15ms]
2026-05-08 11:28:39.557 [info] > git config --get commit.template [58ms]
2026-05-08 11:28:39.578 [info] > git for-each-ref --format=%(refname)%00%(upstream:short)%00%(objectname)%00%(upstream:track)%00%(upstream:remotename)%00%(upstream:remoteref) refs/heads/main refs/remotes/main [22ms]
2026-05-08 11:28:39.628 [warning] [Git][revParse] Unable to read file: ENOENT: no such file or directory, open '/workspaces/family-monitor/.git/refs/remotes/origin/main'
2026-05-08 11:28:39.633 [info] > git rev-parse refs/remotes/origin/main [5ms]
2026-05-08 11:28:39.748 [info] > git status -z -uall [66ms]
2026-05-08 11:28:39.757 [info] > git for-each-ref --sort -committerdate --format %(refname)%00%(objectname)%00%(*objectname) [20ms]
2026-05-08 11:28:44.772 [info] > git config --get commit.template [0ms]
2026-05-08 11:28:44.784 [info] > git for-each-ref --format=%(refname)%00%(upstream:short)%00%(objectname)%00%(upstream:track)%00%(upstream:remotename)%00%(upstream:remoteref) refs/heads/main refs/remotes/main [1ms]
2026-05-08 11:28:44.792 [warning] [Git][revParse] Unable to read file: ENOENT: no such file or directory, open '/workspaces/family-monitor/.git/refs/remotes/origin/main'
2026-05-08 11:28:44.794 [info] > git rev-parse refs/remotes/origin/main [2ms]
2026-05-08 11:28:44.827 [info] > git status -z -uall [26ms]
2026-05-08 11:28:44.835 [info] > git for-each-ref --sort -committerdate --format %(refname)%00%(objectname)%00%(*objectname) [15ms]
2026-05-08 11:29:17.489 [info] > git config --get commit.template [22ms]
2026-05-08 11:29:17.492 [info] > git for-each-ref --format=%(refname)%00%(upstream:short)%00%(objectname)%00%(upstream:track)%00%(upstream:remotename)%00%(upstream:remoteref) refs/heads/main refs/remotes/main [5ms]
2026-05-08 11:29:17.508 [warning] [Git][revParse] Unable to read file: ENOENT: no such file or directory, open '/workspaces/family-monitor/.git/refs/remotes/origin/main'
2026-05-08 11:29:17.511 [info] > git rev-parse refs/remotes/origin/main [3ms]
2026-05-08 11:29:17.549 [info] > git status -z -uall [20ms]
2026-05-08 11:29:17.554 [info] > git for-each-ref --sort -committerdate --format %(refname)%00%(objectname)%00%(*objectname) [6ms]
2026-05-08 11:29:22.581 [info] > git config --get commit.template [6ms]
2026-05-08 11:29:22.597 [info] > git for-each-ref --format=%(refname)%00%(upstream:short)%00%(objectname)%00%(upstream:track)%00%(upstream:remotename)%00%(upstream:remoteref) refs/heads/main refs/remotes/main [3ms]
2026-05-08 11:29:22.607 [warning] [Git][revParse] Unable to read file: ENOENT: no such file or directory, open '/workspaces/family-monitor/.git/refs/remotes/origin/main'
2026-05-08 11:29:22.610 [info] > git rev-parse refs/remotes/origin/main [3ms]
2026-05-08 11:29:22.641 [info] > git status -z -uall [16ms]
2026-05-08 11:29:22.646 [info] > git for-each-ref --sort -committerdate --format %(refname)%00%(objectname)%00%(*objectname) [7ms]
2026-05-08 11:29:39.813 [info] > git config --get commit.template [18ms]
2026-05-08 11:29:39.815 [info] > git for-each-ref --format=%(refname)%00%(upstream:short)%00%(objectname)%00%(upstream:track)%00%(upstream:remotename)%00%(upstream:remoteref) refs/heads/main refs/remotes/main [3ms]
2026-05-08 11:29:39.827 [warning] [Git][revParse] Unable to read file: ENOENT: no such file or directory, open '/workspaces/family-monitor/.git/refs/remotes/origin/main'
2026-05-08 11:29:39.829 [info] > git rev-parse refs/remotes/origin/main [2ms]
2026-05-08 11:29:39.847 [info] > git status -z -uall [11ms]
2026-05-08 11:29:39.855 [info] > git for-each-ref --sort -committerdate --format %(refname)%00%(objectname)%00%(*objectname) [8ms]
2026-05-08 11:29:44.983 [info] > git config --get commit.template [7ms]
2026-05-08 11:29:45.001 [info] > git for-each-ref --format=%(refname)%00%(upstream:short)%00%(objectname)%00%(upstream:track)%00%(upstream:remotename)%00%(upstream:remoteref) refs/heads/main refs/remotes/main [3ms]
2026-05-08 11:29:45.012 [warning] [Git][revParse] Unable to read file: ENOENT: no such file or directory, open '/workspaces/family-monitor/.git/refs/remotes/origin/main'
2026-05-08 11:29:45.015 [info] > git rev-parse refs/remotes/origin/main [3ms]
2026-05-08 11:29:45.089 [info] > git status -z -uall [45ms]
2026-05-08 11:29:45.097 [info] > git for-each-ref --sort -committerdate --format %(refname)%00%(objectname)%00%(*objectname) [19ms]
2026-05-08 11:29:50.185 [info] > git config --get commit.template [37ms]
2026-05-08 11:29:50.192 [info] > git for-each-ref --format=%(refname)%00%(upstream:short)%00%(objectname)%00%(upstream:track)%00%(upstream:remotename)%00%(upstream:remoteref) refs/heads/main refs/remotes/main [9ms]
2026-05-08 11:29:50.205 [warning] [Git][revParse] Unable to read file: ENOENT: no such file or directory, open '/workspaces/family-monitor/.git/refs/remotes/origin/main'
2026-05-08 11:29:50.207 [info] > git rev-parse refs/remotes/origin/main [2ms]
2026-05-08 11:29:50.263 [info] > git status -z -uall [45ms]
2026-05-08 11:29:50.269 [info] > git for-each-ref --sort -committerdate --format %(refname)%00%(objectname)%00%(*objectname) [11ms]
2026-05-08 11:29:55.513 [info] > git config --get commit.template [31ms]
2026-05-08 11:29:55.515 [info] > git for-each-ref --format=%(refname)%00%(upstream:short)%00%(objectname)%00%(upstream:track)%00%(upstream:remotename)%00%(upstream:remoteref) refs/heads/main refs/remotes/main [10ms]
2026-05-08 11:29:55.538 [warning] [Git][revParse] Unable to read file: ENOENT: no such file or directory, open '/workspaces/family-monitor/.git/refs/remotes/origin/main'
2026-05-08 11:29:55.543 [info] > git rev-parse refs/remotes/origin/main [5ms]
2026-05-08 11:29:55.596 [info] > git for-each-ref --sort -committerdate --format %(refname)%00%(objectname)%00%(*objectname) [7ms]
2026-05-08 11:29:55.619 [info] > git status -z -uall [56ms]
2026-05-08 11:30:03.848 [info] > git config --get commit.template [1ms]
2026-05-08 11:30:03.857 [info] > git for-each-ref --format=%(refname)%00%(upstream:short)%00%(objectname)%00%(upstream:track)%00%(upstream:remotename)%00%(upstream:remoteref) refs/heads/main refs/remotes/main [2ms]
2026-05-08 11:30:03.864 [warning] [Git][revParse] Unable to read file: ENOENT: no such file or directory, open '/workspaces/family-monitor/.git/refs/remotes/origin/main'
2026-05-08 11:30:03.866 [info] > git rev-parse refs/remotes/origin/main [2ms]
2026-05-08 11:30:03.903 [info] > git status -z -uall [30ms]
2026-05-08 11:30:03.903 [info] > git for-each-ref --sort -committerdate --format %(refname)%00%(objectname)%00%(*objectname) [7ms]
2026-05-08 11:30:17.181 [info] > git config --local -l [2ms]
2026-05-08 11:30:17.298 [info] > git config --local -l [11ms]
2026-05-08 11:30:49.673 [info] > git config --get commit.template [5ms]
2026-05-08 11:30:49.685 [info] > git for-each-ref --format=%(refname)%00%(upstream:short)%00%(objectname)%00%(upstream:track)%00%(upstream:remotename)%00%(upstream:remoteref) refs/heads/main refs/remotes/main [2ms]
2026-05-08 11:30:49.692 [warning] [Git][revParse] Unable to read file: ENOENT: no such file or directory, open '/workspaces/family-monitor/.git/refs/remotes/origin/main'
2026-05-08 11:30:49.693 [info] > git rev-parse refs/remotes/origin/main [1ms]
2026-05-08 11:30:49.710 [info] > git status -z -uall [10ms]
2026-05-08 11:30:49.720 [info] > git for-each-ref --sort -committerdate --format %(refname)%00%(objectname)%00%(*objectname) [10ms]
2026-05-08 11:30:54.748 [info] > git config --get commit.template [3ms]
2026-05-08 11:30:54.772 [info] > git for-each-ref --format=%(refname)%00%(upstream:short)%00%(objectname)%00%(upstream:track)%00%(upstream:remotename)%00%(upstream:remoteref) refs/heads/main refs/remotes/main [4ms]
2026-05-08 11:30:54.791 [warning] [Git][revParse] Unable to read file: ENOENT: no such file or directory, open '/workspaces/family-monitor/.git/refs/remotes/origin/main'
2026-05-08 11:30:54.798 [info] > git rev-parse refs/remotes/origin/main [7ms]
2026-05-08 11:30:54.866 [info] > git status -z -uall [38ms]
2026-05-08 11:30:54.872 [info] > git for-each-ref --sort -committerdate --format %(refname)%00%(objectname)%00%(*objectname) [10ms]
2026-05-08 11:30:59.953 [info] > git config --get commit.template [43ms]
2026-05-08 11:30:59.961 [info] > git for-each-ref --format=%(refname)%00%(upstream:short)%00%(objectname)%00%(upstream:track)%00%(upstream:remotename)%00%(upstream:remoteref) refs/heads/main refs/remotes/main [9ms]
2026-05-08 11:30:59.989 [warning] [Git][revParse] Unable to read file: ENOENT: no such file or directory, open '/workspaces/family-monitor/.git/refs/remotes/origin/main'
2026-05-08 11:30:59.993 [info] > git rev-parse refs/remotes/origin/main [4ms]
2026-05-08 11:31:00.072 [info] > git status -z -uall [41ms]
2026-05-08 11:31:00.083 [info] > git for-each-ref --sort -committerdate --format %(refname)%00%(objectname)%00%(*objectname) [13ms]
2026-05-08 11:31:12.167 [info] > git config --get commit.template [3ms]
2026-05-08 11:31:12.180 [info] > git for-each-ref --format=%(refname)%00%(upstream:short)%00%(objectname)%00%(upstream:track)%00%(upstream:remotename)%00%(upstream:remoteref) refs/heads/main refs/remotes/main [3ms]
2026-05-08 11:31:12.188 [warning] [Git][revParse] Unable to read file: ENOENT: no such file or directory, open '/workspaces/family-monitor/.git/refs/remotes/origin/main'
2026-05-08 11:31:12.190 [info] > git rev-parse refs/remotes/origin/main [3ms]
2026-05-08 11:31:12.218 [info] > git status -z -uall [19ms]
2026-05-08 11:31:12.224 [info] > git for-each-ref --sort -committerdate --format %(refname)%00%(objectname)%00%(*objectname) [11ms]
2026-05-08 11:31:38.202 [info] > git config --get commit.template [15ms]
2026-05-08 11:31:38.253 [info] > git for-each-ref --format=%(refname)%00%(upstream:short)%00%(objectname)%00%(upstream:track)%00%(upstream:remotename)%00%(upstream:remoteref) refs/heads/main refs/remotes/main [11ms]
2026-05-08 11:31:38.265 [warning] [Git][revParse] Unable to read file: ENOENT: no such file or directory, open '/workspaces/family-monitor/.git/refs/remotes/origin/main'
2026-05-08 11:31:38.268 [info] > git rev-parse refs/remotes/origin/main [3ms]
2026-05-08 11:31:38.298 [info] > git status -z -uall [20ms]
2026-05-08 11:31:38.306 [info] > git for-each-ref --sort -committerdate --format %(refname)%00%(objectname)%00%(*objectname) [9ms]
2026-05-08 11:32:12.833 [info] > git config --get commit.template [1ms]
2026-05-08 11:32:12.852 [info] > git for-each-ref --format=%(refname)%00%(upstream:short)%00%(objectname)%00%(upstream:track)%00%(upstream:remotename)%00%(upstream:remoteref) refs/heads/main refs/remotes/main [3ms]
2026-05-08 11:32:12.879 [warning] [Git][revParse] Unable to read file: ENOENT: no such file or directory, open '/workspaces/family-monitor/.git/refs/remotes/origin/main'
2026-05-08 11:32:12.882 [info] > git rev-parse refs/remotes/origin/main [5ms]
2026-05-08 11:32:12.942 [info] > git status -z -uall [31ms]
2026-05-08 11:32:12.949 [info] > git for-each-ref --sort -committerdate --format %(refname)%00%(objectname)%00%(*objectname) [11ms]
2026-05-08 11:32:17.965 [info] > git config --get commit.template [3ms]
2026-05-08 11:32:17.985 [info] > git for-each-ref --format=%(refname)%00%(upstream:short)%00%(objectname)%00%(upstream:track)%00%(upstream:remotename)%00%(upstream:remoteref) refs/heads/main refs/remotes/main [4ms]
2026-05-08 11:32:17.999 [warning] [Git][revParse] Unable to read file: ENOENT: no such file or directory, open '/workspaces/family-monitor/.git/refs/remotes/origin/main'
2026-05-08 11:32:18.000 [info] > git rev-parse refs/remotes/origin/main [1ms]
2026-05-08 11:32:18.025 [info] > git status -z -uall [15ms]
2026-05-08 11:32:18.027 [info] > git for-each-ref --sort -committerdate --format %(refname)%00%(objectname)%00%(*objectname) [7ms]
2026-05-08 11:35:18.694 [info] > git config --local -l [4ms]
2026-05-08 11:35:42.911 [info] > git config --local -l [2ms]
2026-05-08 11:35:49.221 [info] > git config --get commit.template [3ms]
2026-05-08 11:35:49.233 [info] > git for-each-ref --format=%(refname)%00%(upstream:short)%00%(objectname)%00%(upstream:track)%00%(upstream:remotename)%00%(upstream:remoteref) refs/heads/main refs/remotes/main [3ms]
2026-05-08 11:35:49.242 [warning] [Git][revParse] Unable to read file: ENOENT: no such file or directory, open '/workspaces/family-monitor/.git/refs/remotes/origin/main'
2026-05-08 11:35:49.243 [info] > git rev-parse refs/remotes/origin/main [1ms]
2026-05-08 11:35:49.265 [info] > git status -z -uall [15ms]
2026-05-08 11:35:49.268 [info] > git for-each-ref --sort -committerdate --format %(refname)%00%(objectname)%00%(*objectname) [5ms]
2026-05-08 11:35:54.345 [info] > git config --get commit.template [43ms]
2026-05-08 11:35:54.356 [info] > git for-each-ref --format=%(refname)%00%(upstream:short)%00%(objectname)%00%(upstream:track)%00%(upstream:remotename)%00%(upstream:remoteref) refs/heads/main refs/remotes/main [15ms]
2026-05-08 11:35:54.408 [warning] [Git][revParse] Unable to read file: ENOENT: no such file or directory, open '/workspaces/family-monitor/.git/refs/remotes/origin/main'
2026-05-08 11:35:54.418 [info] > git rev-parse refs/remotes/origin/main [10ms]
2026-05-08 11:35:54.487 [info] > git status -z -uall [34ms]
2026-05-08 11:35:54.500 [info] > git for-each-ref --sort -committerdate --format %(refname)%00%(objectname)%00%(*objectname) [14ms]
2026-05-08 11:35:59.520 [info] > git config --get commit.template [4ms]
2026-05-08 11:35:59.532 [info] > git for-each-ref --format=%(refname)%00%(upstream:short)%00%(objectname)%00%(upstream:track)%00%(upstream:remotename)%00%(upstream:remoteref) refs/heads/main refs/remotes/main [3ms]
2026-05-08 11:35:59.542 [warning] [Git][revParse] Unable to read file: ENOENT: no such file or directory, open '/workspaces/family-monitor/.git/refs/remotes/origin/main'
2026-05-08 11:35:59.542 [info] > git rev-parse refs/remotes/origin/main [0ms]
2026-05-08 11:35:59.563 [info] > git status -z -uall [12ms]
2026-05-08 11:35:59.566 [info] > git for-each-ref --sort -committerdate --format %(refname)%00%(objectname)%00%(*objectname) [4ms]
2026-05-08 11:37:09.222 [info] > git config --get commit.template [19ms]
2026-05-08 11:37:09.224 [info] > git for-each-ref --format=%(refname)%00%(upstream:short)%00%(objectname)%00%(upstream:track)%00%(upstream:remotename)%00%(upstream:remoteref) refs/heads/main refs/remotes/main [3ms]
2026-05-08 11:37:09.237 [warning] [Git][revParse] Unable to read file: ENOENT: no such file or directory, open '/workspaces/family-monitor/.git/refs/remotes/origin/main'
2026-05-08 11:37:09.240 [info] > git rev-parse refs/remotes/origin/main [3ms]
2026-05-08 11:37:09.269 [info] > git status -z -uall [15ms]
2026-05-08 11:37:09.272 [info] > git for-each-ref --sort -committerdate --format %(refname)%00%(objectname)%00%(*objectname) [4ms]
2026-05-08 11:37:14.359 [info] > git config --get commit.template [42ms]
2026-05-08 11:37:14.364 [info] > git for-each-ref --format=%(refname)%00%(upstream:short)%00%(objectname)%00%(upstream:track)%00%(upstream:remotename)%00%(upstream:remoteref) refs/heads/main refs/remotes/main [7ms]
2026-05-08 11:37:14.392 [warning] [Git][revParse] Unable to read file: ENOENT: no such file or directory, open '/workspaces/family-monitor/.git/refs/remotes/origin/main'
2026-05-08 11:37:14.399 [info] > git rev-parse refs/remotes/origin/main [7ms]
2026-05-08 11:37:14.458 [info] > git status -z -uall [29ms]
2026-05-08 11:37:14.459 [info] > git for-each-ref --sort -committerdate --format %(refname)%00%(objectname)%00%(*objectname) [5ms]
2026-05-08 11:37:19.477 [info] > git config --get commit.template [1ms]
2026-05-08 11:37:19.496 [info] > git for-each-ref --format=%(refname)%00%(upstream:short)%00%(objectname)%00%(upstream:track)%00%(upstream:remotename)%00%(upstream:remoteref) refs/heads/main refs/remotes/main [3ms]
2026-05-08 11:37:19.510 [warning] [Git][revParse] Unable to read file: ENOENT: no such file or directory, open '/workspaces/family-monitor/.git/refs/remotes/origin/main'
2026-05-08 11:37:19.511 [info] > git rev-parse refs/remotes/origin/main [1ms]
2026-05-08 11:37:19.531 [info] > git status -z -uall [12ms]
2026-05-08 11:37:19.541 [info] > git for-each-ref --sort -committerdate --format %(refname)%00%(objectname)%00%(*objectname) [10ms]
2026-05-08 11:38:10.638 [info] > git config --get commit.template [20ms]
2026-05-08 11:38:10.639 [info] > git for-each-ref --format=%(refname)%00%(upstream:short)%00%(objectname)%00%(upstream:track)%00%(upstream:remotename)%00%(upstream:remoteref) refs/heads/main refs/remotes/main [4ms]
2026-05-08 11:38:10.649 [warning] [Git][revParse] Unable to read file: ENOENT: no such file or directory, open '/workspaces/family-monitor/.git/refs/remotes/origin/main'
2026-05-08 11:38:10.651 [info] > git rev-parse refs/remotes/origin/main [1ms]
2026-05-08 11:38:10.679 [info] > git status -z -uall [19ms]
2026-05-08 11:38:10.683 [info] > git for-each-ref --sort -committerdate --format %(refname)%00%(objectname)%00%(*objectname) [5ms]
2026-05-08 11:38:22.074 [info] > git config --get commit.template [33ms]
2026-05-08 11:38:22.090 [info] > git for-each-ref --format=%(refname)%00%(upstream:short)%00%(objectname)%00%(upstream:track)%00%(upstream:remotename)%00%(upstream:remoteref) refs/heads/main refs/remotes/main [17ms]
2026-05-08 11:38:22.120 [warning] [Git][revParse] Unable to read file: ENOENT: no such file or directory, open '/workspaces/family-monitor/.git/refs/remotes/origin/main'
2026-05-08 11:38:22.131 [info] > git rev-parse refs/remotes/origin/main [11ms]
2026-05-08 11:38:22.194 [info] > git status -z -uall [33ms]
2026-05-08 11:38:22.204 [info] > git for-each-ref --sort -committerdate --format %(refname)%00%(objectname)%00%(*objectname) [12ms]
2026-05-08 11:38:27.256 [info] > git config --get commit.template [5ms]
2026-05-08 11:38:27.290 [info] > git for-each-ref --format=%(refname)%00%(upstream:short)%00%(objectname)%00%(upstream:track)%00%(upstream:remotename)%00%(upstream:remoteref) refs/heads/main refs/remotes/main [14ms]
2026-05-08 11:38:27.321 [warning] [Git][revParse] Unable to read file: ENOENT: no such file or directory, open '/workspaces/family-monitor/.git/refs/remotes/origin/main'
2026-05-08 11:38:27.329 [info] > git rev-parse refs/remotes/origin/main [8ms]
2026-05-08 11:38:27.381 [info] > git status -z -uall [34ms]
2026-05-08 11:38:27.389 [info] > git for-each-ref --sort -committerdate --format %(refname)%00%(objectname)%00%(*objectname) [17ms]
2026-05-08 11:38:33.694 [info] > git config --get commit.template [76ms]
2026-05-08 11:38:33.699 [info] > git for-each-ref --format=%(refname)%00%(upstream:short)%00%(objectname)%00%(upstream:track)%00%(upstream:remotename)%00%(upstream:remoteref) refs/heads/main refs/remotes/main [23ms]
2026-05-08 11:38:33.753 [warning] [Git][revParse] Unable to read file: ENOENT: no such file or directory, open '/workspaces/family-monitor/.git/refs/remotes/origin/main'
2026-05-08 11:38:33.766 [info] > git rev-parse refs/remotes/origin/main [13ms]
2026-05-08 11:38:33.925 [info] > git status -z -uall [70ms]
2026-05-08 11:38:33.942 [info] > git for-each-ref --sort -committerdate --format %(refname)%00%(objectname)%00%(*objectname) [30ms]
2026-05-08 11:38:38.965 [info] > git config --get commit.template [4ms]
2026-05-08 11:38:38.976 [info] > git for-each-ref --format=%(refname)%00%(upstream:short)%00%(objectname)%00%(upstream:track)%00%(upstream:remotename)%00%(upstream:remoteref) refs/heads/main refs/remotes/main [2ms]
2026-05-08 11:38:38.986 [warning] [Git][revParse] Unable to read file: ENOENT: no such file or directory, open '/workspaces/family-monitor/.git/refs/remotes/origin/main'
2026-05-08 11:38:38.986 [info] > git rev-parse refs/remotes/origin/main [0ms]
2026-05-08 11:38:39.006 [info] > git status -z -uall [12ms]
2026-05-08 11:38:39.013 [info] > git for-each-ref --sort -committerdate --format %(refname)%00%(objectname)%00%(*objectname) [7ms]
2026-05-08 11:39:14.843 [info] > git config --get commit.template [2ms]
2026-05-08 11:39:14.859 [info] > git for-each-ref --format=%(refname)%00%(upstream:short)%00%(objectname)%00%(upstream:track)%00%(upstream:remotename)%00%(upstream:remoteref) refs/heads/main refs/remotes/main [2ms]
2026-05-08 11:39:14.867 [warning] [Git][revParse] Unable to read file: ENOENT: no such file or directory, open '/workspaces/family-monitor/.git/refs/remotes/origin/main'
2026-05-08 11:39:14.869 [info] > git rev-parse refs/remotes/origin/main [2ms]
2026-05-08 11:39:14.892 [info] > git status -z -uall [15ms]
2026-05-08 11:39:14.898 [info] > git for-each-ref --sort -committerdate --format %(refname)%00%(objectname)%00%(*objectname) [10ms]
2026-05-08 11:39:19.950 [info] > git config --get commit.template [12ms]
2026-05-08 11:39:20.019 [info] > git for-each-ref --format=%(refname)%00%(upstream:short)%00%(objectname)%00%(upstream:track)%00%(upstream:remotename)%00%(upstream:remoteref) refs/heads/main refs/remotes/main [20ms]
2026-05-08 11:39:20.039 [warning] [Git][revParse] Unable to read file: ENOENT: no such file or directory, open '/workspaces/family-monitor/.git/refs/remotes/origin/main'
2026-05-08 11:39:20.045 [info] > git rev-parse refs/remotes/origin/main [6ms]
2026-05-08 11:39:20.120 [info] > git status -z -uall [47ms]
2026-05-08 11:39:20.134 [info] > git for-each-ref --sort -committerdate --format %(refname)%00%(objectname)%00%(*objectname) [19ms]
2026-05-08 11:39:25.186 [info] > git config --get commit.template [8ms]
2026-05-08 11:39:25.245 [info] > git for-each-ref --format=%(refname)%00%(upstream:short)%00%(objectname)%00%(upstream:track)%00%(upstream:remotename)%00%(upstream:remoteref) refs/heads/main refs/remotes/main [4ms]
2026-05-08 11:39:25.269 [warning] [Git][revParse] Unable to read file: ENOENT: no such file or directory, open '/workspaces/family-monitor/.git/refs/remotes/origin/main'
2026-05-08 11:39:25.274 [info] > git rev-parse refs/remotes/origin/main [5ms]
2026-05-08 11:39:25.340 [info] > git status -z -uall [32ms]
2026-05-08 11:39:25.366 [info] > git for-each-ref --sort -committerdate --format %(refname)%00%(objectname)%00%(*objectname) [28ms]
2026-05-08 11:39:32.793 [info] > git config --get commit.template [42ms]
2026-05-08 11:39:32.796 [info] > git for-each-ref --format=%(refname)%00%(upstream:short)%00%(objectname)%00%(upstream:track)%00%(upstream:remotename)%00%(upstream:remoteref) refs/heads/main refs/remotes/main [20ms]
2026-05-08 11:39:32.834 [warning] [Git][revParse] Unable to read file: ENOENT: no such file or directory, open '/workspaces/family-monitor/.git/refs/remotes/origin/main'
2026-05-08 11:39:32.858 [info] > git rev-parse refs/remotes/origin/main [24ms]
2026-05-08 11:39:32.958 [info] > git status -z -uall [37ms]
2026-05-08 11:39:32.963 [info] > git for-each-ref --sort -committerdate --format %(refname)%00%(objectname)%00%(*objectname) [7ms]
2026-05-08 11:39:38.014 [info] > git config --get commit.template [33ms]
2026-05-08 11:39:38.017 [info] > git for-each-ref --format=%(refname)%00%(upstream:short)%00%(objectname)%00%(upstream:track)%00%(upstream:remotename)%00%(upstream:remoteref) refs/heads/main refs/remotes/main [9ms]
2026-05-08 11:39:38.031 [warning] [Git][revParse] Unable to read file: ENOENT: no such file or directory, open '/workspaces/family-monitor/.git/refs/remotes/origin/main'
2026-05-08 11:39:38.032 [info] > git rev-parse refs/remotes/origin/main [1ms]
2026-05-08 11:39:38.074 [info] > git status -z -uall [34ms]
2026-05-08 11:39:38.074 [info] > git for-each-ref --sort -committerdate --format %(refname)%00%(objectname)%00%(*objectname) [5ms]
2026-05-08 11:39:48.357 [info] > git config --get commit.template [185ms]
2026-05-08 11:39:48.358 [info] > git for-each-ref --format=%(refname)%00%(upstream:short)%00%(objectname)%00%(upstream:track)%00%(upstream:remotename)%00%(upstream:remoteref) refs/heads/main refs/remotes/main [157ms]
2026-05-08 11:39:48.390 [warning] [Git][revParse] Unable to read file: ENOENT: no such file or directory, open '/workspaces/family-monitor/.git/refs/remotes/origin/main'
2026-05-08 11:39:48.404 [info] > git rev-parse refs/remotes/origin/main [13ms]
2026-05-08 11:39:48.581 [info] > git status -z -uall [114ms]
2026-05-08 11:39:48.601 [info] > git for-each-ref --sort -committerdate --format %(refname)%00%(objectname)%00%(*objectname) [24ms]
2026-05-08 11:39:59.668 [info] > git config --get commit.template [25ms]
2026-05-08 11:39:59.677 [info] > git for-each-ref --format=%(refname)%00%(upstream:short)%00%(objectname)%00%(upstream:track)%00%(upstream:remotename)%00%(upstream:remoteref) refs/heads/main refs/remotes/main [11ms]
2026-05-08 11:39:59.712 [warning] [Git][revParse] Unable to read file: ENOENT: no such file or directory, open '/workspaces/family-monitor/.git/refs/remotes/origin/main'
2026-05-08 11:39:59.718 [info] > git rev-parse refs/remotes/origin/main [6ms]
2026-05-08 11:39:59.828 [info] > git for-each-ref --sort -committerdate --format %(refname)%00%(objectname)%00%(*objectname) [23ms]
2026-05-08 11:39:59.917 [info] > git status -z -uall [170ms]
2026-05-08 11:40:05.003 [info] > git config --get commit.template [40ms]
2026-05-08 11:40:05.007 [info] > git for-each-ref --format=%(refname)%00%(upstream:short)%00%(objectname)%00%(upstream:track)%00%(upstream:remotename)%00%(upstream:remoteref) refs/heads/main refs/remotes/main [9ms]
2026-05-08 11:40:05.038 [warning] [Git][revParse] Unable to read file: ENOENT: no such file or directory, open '/workspaces/family-monitor/.git/refs/remotes/origin/main'
2026-05-08 11:40:05.039 [info] > git rev-parse refs/remotes/origin/main [4ms]
2026-05-08 11:40:05.095 [info] > git status -z -uall [34ms]
2026-05-08 11:40:05.102 [info] > git for-each-ref --sort -committerdate --format %(refname)%00%(objectname)%00%(*objectname) [17ms]
2026-05-08 11:40:12.411 [info] > git config --get commit.template [49ms]
2026-05-08 11:40:12.417 [info] > git for-each-ref --format=%(refname)%00%(upstream:short)%00%(objectname)%00%(upstream:track)%00%(upstream:remotename)%00%(upstream:remoteref) refs/heads/main refs/remotes/main [10ms]
2026-05-08 11:40:12.448 [warning] [Git][revParse] Unable to read file: ENOENT: no such file or directory, open '/workspaces/family-monitor/.git/refs/remotes/origin/main'
2026-05-08 11:40:12.451 [info] > git rev-parse refs/remotes/origin/main [3ms]
2026-05-08 11:40:12.614 [info] > git for-each-ref --sort -committerdate --format %(refname)%00%(objectname)%00%(*objectname) [35ms]
2026-05-08 11:40:12.809 [info] > git status -z -uall [303ms]
2026-05-08 11:40:17.857 [info] > git config --get commit.template [6ms]
2026-05-08 11:40:17.894 [info] > git for-each-ref --format=%(refname)%00%(upstream:short)%00%(objectname)%00%(upstream:track)%00%(upstream:remotename)%00%(upstream:remoteref) refs/heads/main refs/remotes/main [9ms]
2026-05-08 11:40:17.944 [warning] [Git][revParse] Unable to read file: ENOENT: no such file or directory, open '/workspaces/family-monitor/.git/refs/remotes/origin/main'
2026-05-08 11:40:17.953 [info] > git rev-parse refs/remotes/origin/main [9ms]
2026-05-08 11:40:18.032 [info] > git for-each-ref --sort -committerdate --format %(refname)%00%(objectname)%00%(*objectname) [26ms]
2026-05-08 11:40:18.085 [info] > git status -z -uall [111ms]
2026-05-08 11:40:23.151 [info] > git config --get commit.template [13ms]
2026-05-08 11:40:23.213 [info] > git for-each-ref --format=%(refname)%00%(upstream:short)%00%(objectname)%00%(upstream:track)%00%(upstream:remotename)%00%(upstream:remoteref) refs/heads/main refs/remotes/main [3ms]
2026-05-08 11:40:23.227 [warning] [Git][revParse] Unable to read file: ENOENT: no such file or directory, open '/workspaces/family-monitor/.git/refs/remotes/origin/main'
2026-05-08 11:40:23.230 [info] > git rev-parse refs/remotes/origin/main [3ms]
2026-05-08 11:40:23.274 [info] > git status -z -uall [31ms]
2026-05-08 11:40:23.277 [info] > git for-each-ref --sort -committerdate --format %(refname)%00%(objectname)%00%(*objectname) [9ms]
2026-05-08 11:40:29.093 [info] > git config --get commit.template [301ms]
2026-05-08 11:40:29.105 [info] > git for-each-ref --format=%(refname)%00%(upstream:short)%00%(objectname)%00%(upstream:track)%00%(upstream:remotename)%00%(upstream:remoteref) refs/heads/main refs/remotes/main [302ms]
2026-05-08 11:40:29.121 [warning] [Git][revParse] Unable to read file: ENOENT: no such file or directory, open '/workspaces/family-monitor/.git/refs/remotes/origin/main'
2026-05-08 11:40:29.122 [info] > git rev-parse refs/remotes/origin/main [1ms]
2026-05-08 11:40:29.199 [info] > git for-each-ref --sort -committerdate --format %(refname)%00%(objectname)%00%(*objectname) [26ms]
2026-05-08 11:40:29.255 [info] > git status -z -uall [107ms]
2026-05-08 11:40:44.555 [info] > git config --local -l [1ms]
2026-05-08 11:40:44.666 [info] > git config --local -l [6ms]
2026-05-08 11:40:59.481 [info] > git config --get commit.template [3ms]
2026-05-08 11:40:59.502 [info] > git for-each-ref --format=%(refname)%00%(upstream:short)%00%(objectname)%00%(upstream:track)%00%(upstream:remotename)%00%(upstream:remoteref) refs/heads/main refs/remotes/main [4ms]
2026-05-08 11:40:59.512 [warning] [Git][revParse] Unable to read file: ENOENT: no such file or directory, open '/workspaces/family-monitor/.git/refs/remotes/origin/main'
2026-05-08 11:40:59.514 [info] > git rev-parse refs/remotes/origin/main [3ms]
2026-05-08 11:40:59.541 [info] > git status -z -uall [17ms]
2026-05-08 11:40:59.544 [info] > git for-each-ref --sort -committerdate --format %(refname)%00%(objectname)%00%(*objectname) [4ms]
2026-05-08 11:41:06.537 [info] > git config --get commit.template [6ms]
2026-05-08 11:41:06.597 [info] > git for-each-ref --format=%(refname)%00%(upstream:short)%00%(objectname)%00%(upstream:track)%00%(upstream:remotename)%00%(upstream:remoteref) refs/heads/main refs/remotes/main [14ms]
2026-05-08 11:41:06.653 [warning] [Git][revParse] Unable to read file: ENOENT: no such file or directory, open '/workspaces/family-monitor/.git/refs/remotes/origin/main'
2026-05-08 11:41:06.663 [info] > git rev-parse refs/remotes/origin/main [10ms]
2026-05-08 11:41:06.778 [info] > git status -z -uall [64ms]
2026-05-08 11:41:06.784 [info] > git for-each-ref --sort -committerdate --format %(refname)%00%(objectname)%00%(*objectname) [14ms]
2026-05-08 11:41:11.885 [info] > git config --get commit.template [65ms]
2026-05-08 11:41:11.892 [info] > git for-each-ref --format=%(refname)%00%(upstream:short)%00%(objectname)%00%(upstream:track)%00%(upstream:remotename)%00%(upstream:remoteref) refs/heads/main refs/remotes/main [9ms]
2026-05-08 11:41:11.944 [warning] [Git][revParse] Unable to read file: ENOENT: no such file or directory, open '/workspaces/family-monitor/.git/refs/remotes/origin/main'
2026-05-08 11:41:11.964 [info] > git rev-parse refs/remotes/origin/main [20ms]
2026-05-08 11:41:12.048 [info] > git status -z -uall [37ms]
2026-05-08 11:41:12.105 [info] > git for-each-ref --sort -committerdate --format %(refname)%00%(objectname)%00%(*objectname) [59ms]
2026-05-08 11:41:17.162 [info] > git config --get commit.template [22ms]
2026-05-08 11:41:17.163 [info] > git for-each-ref --format=%(refname)%00%(upstream:short)%00%(objectname)%00%(upstream:track)%00%(upstream:remotename)%00%(upstream:remoteref) refs/heads/main refs/remotes/main [4ms]
2026-05-08 11:41:17.209 [warning] [Git][revParse] Unable to read file: ENOENT: no such file or directory, open '/workspaces/family-monitor/.git/refs/remotes/origin/main'
2026-05-08 11:41:17.223 [info] > git rev-parse refs/remotes/origin/main [14ms]
2026-05-08 11:41:17.316 [info] > git status -z -uall [38ms]
2026-05-08 11:41:17.327 [info] > git for-each-ref --sort -committerdate --format %(refname)%00%(objectname)%00%(*objectname) [12ms]
2026-05-08 11:41:22.594 [info] > git config --get commit.template [56ms]
2026-05-08 11:41:22.602 [info] > git for-each-ref --format=%(refname)%00%(upstream:short)%00%(objectname)%00%(upstream:track)%00%(upstream:remotename)%00%(upstream:remoteref) refs/heads/main refs/remotes/main [12ms]
2026-05-08 11:41:22.635 [warning] [Git][revParse] Unable to read file: ENOENT: no such file or directory, open '/workspaces/family-monitor/.git/refs/remotes/origin/main'
2026-05-08 11:41:22.646 [info] > git rev-parse refs/remotes/origin/main [11ms]
2026-05-08 11:41:22.779 [info] > git status -z -uall [68ms]
2026-05-08 11:41:22.788 [info] > git for-each-ref --sort -committerdate --format %(refname)%00%(objectname)%00%(*objectname) [15ms]
2026-05-08 11:41:27.889 [info] > git config --get commit.template [36ms]
2026-05-08 11:41:28.009 [info] > git for-each-ref --format=%(refname)%00%(upstream:short)%00%(objectname)%00%(upstream:track)%00%(upstream:remotename)%00%(upstream:remoteref) refs/heads/main refs/remotes/main [22ms]
2026-05-08 11:41:28.084 [warning] [Git][revParse] Unable to read file: ENOENT: no such file or directory, open '/workspaces/family-monitor/.git/refs/remotes/origin/main'
2026-05-08 11:41:28.107 [info] > git rev-parse refs/remotes/origin/main [23ms]
2026-05-08 11:41:28.195 [info] > git status -z -uall [33ms]
2026-05-08 11:41:28.206 [info] > git for-each-ref --sort -committerdate --format %(refname)%00%(objectname)%00%(*objectname) [12ms]
2026-05-08 11:42:05.233 [info] > git config --get commit.template [98ms]
2026-05-08 11:42:05.238 [info] > git for-each-ref --format=%(refname)%00%(upstream:short)%00%(objectname)%00%(upstream:track)%00%(upstream:remotename)%00%(upstream:remoteref) refs/heads/main refs/remotes/main [24ms]
2026-05-08 11:42:05.316 [warning] [Git][revParse] Unable to read file: ENOENT: no such file or directory, open '/workspaces/family-monitor/.git/refs/remotes/origin/main'
2026-05-08 11:42:05.331 [info] > git rev-parse refs/remotes/origin/main [15ms]
2026-05-08 11:42:05.437 [info] > git for-each-ref --sort -committerdate --format %(refname)%00%(objectname)%00%(*objectname) [13ms]
2026-05-08 11:42:05.441 [info] > git status -z -uall [60ms]
2026-05-08 11:42:28.948 [info] > git config --get commit.template [52ms]
2026-05-08 11:42:28.952 [info] > git for-each-ref --format=%(refname)%00%(upstream:short)%00%(objectname)%00%(upstream:track)%00%(upstream:remotename)%00%(upstream:remoteref) refs/heads/main refs/remotes/main [6ms]
2026-05-08 11:42:28.971 [warning] [Git][revParse] Unable to read file: ENOENT: no such file or directory, open '/workspaces/family-monitor/.git/refs/remotes/origin/main'
2026-05-08 11:42:28.976 [info] > git rev-parse refs/remotes/origin/main [5ms]
2026-05-08 11:42:29.031 [info] > git status -z -uall [33ms]
2026-05-08 11:42:29.041 [info] > git for-each-ref --sort -committerdate --format %(refname)%00%(objectname)%00%(*objectname) [12ms]
2026-05-08 11:42:34.082 [info] > git config --get commit.template [6ms]
2026-05-08 11:42:34.112 [info] > git for-each-ref --format=%(refname)%00%(upstream:short)%00%(objectname)%00%(upstream:track)%00%(upstream:remotename)%00%(upstream:remoteref) refs/heads/main refs/remotes/main [7ms]
2026-05-08 11:42:34.135 [warning] [Git][revParse] Unable to read file: ENOENT: no such file or directory, open '/workspaces/family-monitor/.git/refs/remotes/origin/main'
2026-05-08 11:42:34.143 [info] > git rev-parse refs/remotes/origin/main [8ms]
2026-05-08 11:42:34.194 [info] > git status -z -uall [27ms]
2026-05-08 11:42:34.209 [info] > git for-each-ref --sort -committerdate --format %(refname)%00%(objectname)%00%(*objectname) [17ms]
2026-05-08 11:42:39.308 [info] > git config --get commit.template [11ms]
2026-05-08 11:42:39.381 [info] > git for-each-ref --format=%(refname)%00%(upstream:short)%00%(objectname)%00%(upstream:track)%00%(upstream:remotename)%00%(upstream:remoteref) refs/heads/main refs/remotes/main [24ms]
2026-05-08 11:42:39.451 [warning] [Git][revParse] Unable to read file: ENOENT: no such file or directory, open '/workspaces/family-monitor/.git/refs/remotes/origin/main'
2026-05-08 11:42:39.464 [info] > git rev-parse refs/remotes/origin/main [13ms]
2026-05-08 11:42:39.619 [info] > git status -z -uall [71ms]
2026-05-08 11:42:39.641 [info] > git for-each-ref --sort -committerdate --format %(refname)%00%(objectname)%00%(*objectname) [24ms]
2026-05-08 11:42:44.738 [info] > git config --get commit.template [32ms]
2026-05-08 11:42:44.747 [info] > git for-each-ref --format=%(refname)%00%(upstream:short)%00%(objectname)%00%(upstream:track)%00%(upstream:remotename)%00%(upstream:remoteref) refs/heads/main refs/remotes/main [9ms]
2026-05-08 11:42:44.792 [warning] [Git][revParse] Unable to read file: ENOENT: no such file or directory, open '/workspaces/family-monitor/.git/refs/remotes/origin/main'
2026-05-08 11:42:44.811 [info] > git rev-parse refs/remotes/origin/main [19ms]
2026-05-08 11:42:44.910 [info] > git status -z -uall [48ms]
2026-05-08 11:42:44.924 [info] > git for-each-ref --sort -committerdate --format %(refname)%00%(objectname)%00%(*objectname) [15ms]
2026-05-08 11:43:13.530 [info] > git config --get commit.template [74ms]
2026-05-08 11:43:13.538 [info] > git for-each-ref --format=%(refname)%00%(upstream:short)%00%(objectname)%00%(upstream:track)%00%(upstream:remotename)%00%(upstream:remoteref) refs/heads/main refs/remotes/main [9ms]
2026-05-08 11:43:13.617 [warning] [Git][revParse] Unable to read file: ENOENT: no such file or directory, open '/workspaces/family-monitor/.git/refs/remotes/origin/main'
2026-05-08 11:43:13.618 [info] > git rev-parse refs/remotes/origin/main [1ms]
2026-05-08 11:43:13.775 [info] > git status -z -uall [86ms]
2026-05-08 11:43:13.783 [info] > git for-each-ref --sort -committerdate --format %(refname)%00%(objectname)%00%(*objectname) [17ms]
2026-05-08 11:43:18.884 [info] > git for-each-ref --format=%(refname)%00%(upstream:short)%00%(objectname)%00%(upstream:track)%00%(upstream:remotename)%00%(upstream:remoteref) refs/heads/main refs/remotes/main [5ms]
2026-05-08 11:43:18.885 [info] > git config --get commit.template [56ms]
2026-05-08 11:43:18.952 [warning] [Git][revParse] Unable to read file: ENOENT: no such file or directory, open '/workspaces/family-monitor/.git/refs/remotes/origin/main'
2026-05-08 11:43:18.957 [info] > git rev-parse refs/remotes/origin/main [5ms]
2026-05-08 11:43:19.013 [info] > git status -z -uall [25ms]
2026-05-08 11:43:19.019 [info] > git for-each-ref --sort -committerdate --format %(refname)%00%(objectname)%00%(*objectname) [7ms]
2026-05-08 11:44:11.363 [info] > git for-each-ref --format=%(refname)%00%(upstream:short)%00%(objectname)%00%(upstream:track)%00%(upstream:remotename)%00%(upstream:remoteref) refs/heads/main refs/remotes/main [1ms]
2026-05-08 11:44:11.363 [info] > git config --get commit.template [23ms]
2026-05-08 11:44:11.377 [warning] [Git][revParse] Unable to read file: ENOENT: no such file or directory, open '/workspaces/family-monitor/.git/refs/remotes/origin/main'
2026-05-08 11:44:11.378 [info] > git rev-parse refs/remotes/origin/main [1ms]
2026-05-08 11:44:11.401 [info] > git status -z -uall [14ms]
2026-05-08 11:44:11.410 [info] > git for-each-ref --sort -committerdate --format %(refname)%00%(objectname)%00%(*objectname) [11ms]
2026-05-08 11:44:23.237 [info] > git config --get commit.template [39ms]
2026-05-08 11:44:23.244 [info] > git for-each-ref --format=%(refname)%00%(upstream:short)%00%(objectname)%00%(upstream:track)%00%(upstream:remotename)%00%(upstream:remoteref) refs/heads/main refs/remotes/main [8ms]
2026-05-08 11:44:23.280 [warning] [Git][revParse] Unable to read file: ENOENT: no such file or directory, open '/workspaces/family-monitor/.git/refs/remotes/origin/main'
2026-05-08 11:44:23.280 [info] > git rev-parse refs/remotes/origin/main [0ms]
2026-05-08 11:44:23.392 [info] > git status -z -uall [68ms]
2026-05-08 11:44:23.393 [info] > git for-each-ref --sort -committerdate --format %(refname)%00%(objectname)%00%(*objectname) [17ms]
2026-05-08 11:44:28.417 [info] > git config --get commit.template [4ms]
2026-05-08 11:44:28.427 [info] > git for-each-ref --format=%(refname)%00%(upstream:short)%00%(objectname)%00%(upstream:track)%00%(upstream:remotename)%00%(upstream:remoteref) refs/heads/main refs/remotes/main [3ms]
2026-05-08 11:44:28.435 [warning] [Git][revParse] Unable to read file: ENOENT: no such file or directory, open '/workspaces/family-monitor/.git/refs/remotes/origin/main'
2026-05-08 11:44:28.436 [info] > git rev-parse refs/remotes/origin/main [1ms]
2026-05-08 11:44:28.455 [info] > git status -z -uall [12ms]
2026-05-08 11:44:28.457 [info] > git for-each-ref --sort -committerdate --format %(refname)%00%(objectname)%00%(*objectname) [3ms]
2026-05-08 11:44:33.476 [info] > git config --get commit.template [2ms]
2026-05-08 11:44:33.501 [info] > git for-each-ref --format=%(refname)%00%(upstream:short)%00%(objectname)%00%(upstream:track)%00%(upstream:remotename)%00%(upstream:remoteref) refs/heads/main refs/remotes/main [6ms]
2026-05-08 11:44:33.521 [warning] [Git][revParse] Unable to read file: ENOENT: no such file or directory, open '/workspaces/family-monitor/.git/refs/remotes/origin/main'
2026-05-08 11:44:33.523 [info] > git rev-parse refs/remotes/origin/main [2ms]
2026-05-08 11:44:33.595 [info] > git status -z -uall [39ms]
2026-05-08 11:44:33.600 [info] > git for-each-ref --sort -committerdate --format %(refname)%00%(objectname)%00%(*objectname) [9ms]
2026-05-08 11:44:41.865 [info] > git config --get commit.template [51ms]
2026-05-08 11:44:41.867 [info] > git for-each-ref --format=%(refname)%00%(upstream:short)%00%(objectname)%00%(upstream:track)%00%(upstream:remotename)%00%(upstream:remoteref) refs/heads/main refs/remotes/main [5ms]
2026-05-08 11:44:41.908 [warning] [Git][revParse] Unable to read file: ENOENT: no such file or directory, open '/workspaces/family-monitor/.git/refs/remotes/origin/main'
2026-05-08 11:44:41.919 [info] > git rev-parse refs/remotes/origin/main [11ms]
2026-05-08 11:44:41.983 [info] > git status -z -uall [36ms]
2026-05-08 11:44:41.990 [info] > git for-each-ref --sort -committerdate --format %(refname)%00%(objectname)%00%(*objectname) [13ms]
2026-05-08 11:44:47.058 [info] > git config --get commit.template [7ms]
2026-05-08 11:44:47.115 [info] > git for-each-ref --format=%(refname)%00%(upstream:short)%00%(objectname)%00%(upstream:track)%00%(upstream:remotename)%00%(upstream:remoteref) refs/heads/main refs/remotes/main [12ms]
2026-05-08 11:44:47.148 [warning] [Git][revParse] Unable to read file: ENOENT: no such file or directory, open '/workspaces/family-monitor/.git/refs/remotes/origin/main'
2026-05-08 11:44:47.153 [info] > git rev-parse refs/remotes/origin/main [4ms]
2026-05-08 11:44:47.269 [info] > git status -z -uall [74ms]
2026-05-08 11:44:47.281 [info] > git for-each-ref --sort -committerdate --format %(refname)%00%(objectname)%00%(*objectname) [23ms]
2026-05-08 11:44:57.109 [info] > git config --get commit.template [24ms]
2026-05-08 11:44:57.114 [info] > git for-each-ref --format=%(refname)%00%(upstream:short)%00%(objectname)%00%(upstream:track)%00%(upstream:remotename)%00%(upstream:remoteref) refs/heads/main refs/remotes/main [7ms]
2026-05-08 11:44:57.129 [warning] [Git][revParse] Unable to read file: ENOENT: no such file or directory, open '/workspaces/family-monitor/.git/refs/remotes/origin/main'
2026-05-08 11:44:57.132 [info] > git rev-parse refs/remotes/origin/main [3ms]
2026-05-08 11:44:57.179 [info] > git for-each-ref --sort -committerdate --format %(refname)%00%(objectname)%00%(*objectname) [9ms]
2026-05-08 11:44:57.193 [info] > git status -z -uall [41ms]
2026-05-08 11:45:02.498 [info] > git config --get commit.template [263ms]
2026-05-08 11:45:02.500 [info] > git for-each-ref --format=%(refname)%00%(upstream:short)%00%(objectname)%00%(upstream:track)%00%(upstream:remotename)%00%(upstream:remoteref) refs/heads/main refs/remotes/main [227ms]
2026-05-08 11:45:02.533 [warning] [Git][revParse] Unable to read file: ENOENT: no such file or directory, open '/workspaces/family-monitor/.git/refs/remotes/origin/main'
2026-05-08 11:45:02.560 [info] > git rev-parse refs/remotes/origin/main [27ms]
2026-05-08 11:45:02.646 [info] > git status -z -uall [55ms]
2026-05-08 11:45:02.660 [info] > git for-each-ref --sort -committerdate --format %(refname)%00%(objectname)%00%(*objectname) [21ms]
2026-05-08 11:45:07.759 [info] > git config --get commit.template [53ms]
2026-05-08 11:45:07.769 [info] > git for-each-ref --format=%(refname)%00%(upstream:short)%00%(objectname)%00%(upstream:track)%00%(upstream:remotename)%00%(upstream:remoteref) refs/heads/main refs/remotes/main [14ms]
2026-05-08 11:45:07.847 [warning] [Git][revParse] Unable to read file: ENOENT: no such file or directory, open '/workspaces/family-monitor/.git/refs/remotes/origin/main'
2026-05-08 11:45:07.858 [info] > git rev-parse refs/remotes/origin/main [15ms]
2026-05-08 11:45:07.980 [info] > git status -z -uall [75ms]
2026-05-08 11:45:07.981 [info] > git for-each-ref --sort -committerdate --format %(refname)%00%(objectname)%00%(*objectname) [18ms]
2026-05-08 11:45:13.121 [info] > git config --get commit.template [90ms]
2026-05-08 11:45:13.134 [info] > git for-each-ref --format=%(refname)%00%(upstream:short)%00%(objectname)%00%(upstream:track)%00%(upstream:remotename)%00%(upstream:remoteref) refs/heads/main refs/remotes/main [24ms]
2026-05-08 11:45:13.208 [warning] [Git][revParse] Unable to read file: ENOENT: no such file or directory, open '/workspaces/family-monitor/.git/refs/remotes/origin/main'
2026-05-08 11:45:13.225 [info] > git rev-parse refs/remotes/origin/main [17ms]
2026-05-08 11:45:13.346 [info] > git status -z -uall [56ms]
2026-05-08 11:45:13.364 [info] > git for-each-ref --sort -committerdate --format %(refname)%00%(objectname)%00%(*objectname) [27ms]
2026-05-08 11:45:40.126 [info] > git config --get commit.template [44ms]
2026-05-08 11:45:40.132 [info] > git for-each-ref --format=%(refname)%00%(upstream:short)%00%(objectname)%00%(upstream:track)%00%(upstream:remotename)%00%(upstream:remoteref) refs/heads/main refs/remotes/main [29ms]
2026-05-08 11:45:40.175 [warning] [Git][revParse] Unable to read file: ENOENT: no such file or directory, open '/workspaces/family-monitor/.git/refs/remotes/origin/main'
2026-05-08 11:45:40.180 [info] > git rev-parse refs/remotes/origin/main [4ms]
2026-05-08 11:45:40.226 [info] > git status -z -uall [16ms]
2026-05-08 11:45:40.243 [info] > git for-each-ref --sort -committerdate --format %(refname)%00%(objectname)%00%(*objectname) [17ms]
2026-05-08 11:45:46.039 [info] > git config --local -l [1ms]
2026-05-08 11:45:46.174 [info] > git config --local -l [4ms]
2026-05-08 11:45:48.624 [info] > git config --get commit.template [35ms]
2026-05-08 11:45:48.628 [info] > git for-each-ref --format=%(refname)%00%(upstream:short)%00%(objectname)%00%(upstream:track)%00%(upstream:remotename)%00%(upstream:remoteref) refs/heads/main refs/remotes/main [6ms]
2026-05-08 11:45:48.646 [warning] [Git][revParse] Unable to read file: ENOENT: no such file or directory, open '/workspaces/family-monitor/.git/refs/remotes/origin/main'
2026-05-08 11:45:48.652 [info] > git rev-parse refs/remotes/origin/main [8ms]
2026-05-08 11:45:48.698 [info] > git status -z -uall [35ms]
2026-05-08 11:45:48.707 [info] > git for-each-ref --sort -committerdate --format %(refname)%00%(objectname)%00%(*objectname) [15ms]
2026-05-08 11:45:53.794 [info] > git config --get commit.template [48ms]
2026-05-08 11:45:53.799 [info] > git for-each-ref --format=%(refname)%00%(upstream:short)%00%(objectname)%00%(upstream:track)%00%(upstream:remotename)%00%(upstream:remoteref) refs/heads/main refs/remotes/main [11ms]
2026-05-08 11:45:53.861 [warning] [Git][revParse] Unable to read file: ENOENT: no such file or directory, open '/workspaces/family-monitor/.git/refs/remotes/origin/main'
2026-05-08 11:45:53.886 [info] > git rev-parse refs/remotes/origin/main [25ms]
2026-05-08 11:45:54.048 [info] > git status -z -uall [90ms]
2026-05-08 11:45:54.079 [info] > git for-each-ref --sort -committerdate --format %(refname)%00%(objectname)%00%(*objectname) [47ms]
2026-05-08 11:45:59.254 [info] > git config --get commit.template [95ms]
2026-05-08 11:45:59.297 [info] > git for-each-ref --format=%(refname)%00%(upstream:short)%00%(objectname)%00%(upstream:track)%00%(upstream:remotename)%00%(upstream:remoteref) refs/heads/main refs/remotes/main [45ms]
2026-05-08 11:45:59.390 [warning] [Git][revParse] Unable to read file: ENOENT: no such file or directory, open '/workspaces/family-monitor/.git/refs/remotes/origin/main'
2026-05-08 11:45:59.398 [info] > git rev-parse refs/remotes/origin/main [8ms]
2026-05-08 11:45:59.501 [info] > git status -z -uall [57ms]
2026-05-08 11:45:59.506 [info] > git for-each-ref --sort -committerdate --format %(refname)%00%(objectname)%00%(*objectname) [7ms]
2026-05-08 11:46:04.543 [info] > git config --get commit.template [15ms]
2026-05-08 11:46:04.545 [info] > git for-each-ref --format=%(refname)%00%(upstream:short)%00%(objectname)%00%(upstream:track)%00%(upstream:remotename)%00%(upstream:remoteref) refs/heads/main refs/remotes/main [2ms]
2026-05-08 11:46:04.564 [warning] [Git][revParse] Unable to read file: ENOENT: no such file or directory, open '/workspaces/family-monitor/.git/refs/remotes/origin/main'
2026-05-08 11:46:04.569 [info] > git rev-parse refs/remotes/origin/main [4ms]
2026-05-08 11:46:04.612 [info] > git status -z -uall [20ms]
2026-05-08 11:46:04.622 [info] > git for-each-ref --sort -committerdate --format %(refname)%00%(objectname)%00%(*objectname) [15ms]
2026-05-08 11:47:29.908 [info] > git config --get commit.template [13ms]
2026-05-08 11:47:29.935 [info] > git for-each-ref --format=%(refname)%00%(upstream:short)%00%(objectname)%00%(upstream:track)%00%(upstream:remotename)%00%(upstream:remoteref) refs/heads/main refs/remotes/main [6ms]
2026-05-08 11:47:29.951 [warning] [Git][revParse] Unable to read file: ENOENT: no such file or directory, open '/workspaces/family-monitor/.git/refs/remotes/origin/main'
2026-05-08 11:47:29.957 [info] > git rev-parse refs/remotes/origin/main [6ms]
2026-05-08 11:47:29.991 [info] > git status -z -uall [20ms]
2026-05-08 11:47:29.995 [info] > git for-each-ref --sort -committerdate --format %(refname)%00%(objectname)%00%(*objectname) [10ms]
2026-05-08 11:47:35.078 [info] > git for-each-ref --format=%(refname)%00%(upstream:short)%00%(objectname)%00%(upstream:track)%00%(upstream:remotename)%00%(upstream:remoteref) refs/heads/main refs/remotes/main [5ms]
2026-05-08 11:47:35.105 [warning] [Git][revParse] Unable to read file: ENOENT: no such file or directory, open '/workspaces/family-monitor/.git/refs/remotes/origin/main'
2026-05-08 11:47:35.106 [info] > git config --get commit.template [61ms]
2026-05-08 11:47:35.109 [info] > git rev-parse refs/remotes/origin/main [4ms]
2026-05-08 11:47:35.177 [info] > git for-each-ref --sort -committerdate --format %(refname)%00%(objectname)%00%(*objectname) [6ms]
2026-05-08 11:47:35.204 [info] > git status -z -uall [64ms]
2026-05-08 11:47:41.796 [info] > git config --get commit.template [14ms]
2026-05-08 11:47:41.798 [info] > git for-each-ref --format=%(refname)%00%(upstream:short)%00%(objectname)%00%(upstream:track)%00%(upstream:remotename)%00%(upstream:remoteref) refs/heads/main refs/remotes/main [3ms]
2026-05-08 11:47:41.813 [warning] [Git][revParse] Unable to read file: ENOENT: no such file or directory, open '/workspaces/family-monitor/.git/refs/remotes/origin/main'
2026-05-08 11:47:41.815 [info] > git rev-parse refs/remotes/origin/main [2ms]
2026-05-08 11:47:41.862 [info] > git status -z -uall [37ms]
2026-05-08 11:47:41.868 [info] > git for-each-ref --sort -committerdate --format %(refname)%00%(objectname)%00%(*objectname) [7ms]
2026-05-08 11:47:55.923 [info] > git config --get commit.template [48ms]
2026-05-08 11:47:55.924 [info] > git for-each-ref --format=%(refname)%00%(upstream:short)%00%(objectname)%00%(upstream:track)%00%(upstream:remotename)%00%(upstream:remoteref) refs/heads/main refs/remotes/main [19ms]
2026-05-08 11:47:55.971 [warning] [Git][revParse] Unable to read file: ENOENT: no such file or directory, open '/workspaces/family-monitor/.git/refs/remotes/origin/main'
2026-05-08 11:47:55.973 [info] > git rev-parse refs/remotes/origin/main [3ms]
2026-05-08 11:47:56.103 [info] > git status -z -uall [69ms]
2026-05-08 11:47:56.111 [info] > git for-each-ref --sort -committerdate --format %(refname)%00%(objectname)%00%(*objectname) [12ms]
2026-05-08 11:48:06.380 [info] > git config --get commit.template [37ms]
2026-05-08 11:48:06.384 [info] > git for-each-ref --format=%(refname)%00%(upstream:short)%00%(objectname)%00%(upstream:track)%00%(upstream:remotename)%00%(upstream:remoteref) refs/heads/main refs/remotes/main [5ms]
2026-05-08 11:48:06.416 [warning] [Git][revParse] Unable to read file: ENOENT: no such file or directory, open '/workspaces/family-monitor/.git/refs/remotes/origin/main'
2026-05-08 11:48:06.423 [info] > git rev-parse refs/remotes/origin/main [7ms]
2026-05-08 11:48:06.491 [info] > git status -z -uall [45ms]
2026-05-08 11:48:06.492 [info] > git for-each-ref --sort -committerdate --format %(refname)%00%(objectname)%00%(*objectname) [8ms]
2026-05-08 11:48:11.550 [info] > git config --get commit.template [22ms]
2026-05-08 11:48:11.557 [info] > git for-each-ref --format=%(refname)%00%(upstream:short)%00%(objectname)%00%(upstream:track)%00%(upstream:remotename)%00%(upstream:remoteref) refs/heads/main refs/remotes/main [8ms]
2026-05-08 11:48:11.588 [warning] [Git][revParse] Unable to read file: ENOENT: no such file or directory, open '/workspaces/family-monitor/.git/refs/remotes/origin/main'
2026-05-08 11:48:11.589 [info] > git rev-parse refs/remotes/origin/main [1ms]
2026-05-08 11:48:11.634 [info] > git status -z -uall [29ms]
2026-05-08 11:48:11.647 [info] > git for-each-ref --sort -committerdate --format %(refname)%00%(objectname)%00%(*objectname) [15ms]
2026-05-08 11:48:16.696 [info] > git config --get commit.template [12ms]
2026-05-08 11:48:16.738 [info] > git for-each-ref --format=%(refname)%00%(upstream:short)%00%(objectname)%00%(upstream:track)%00%(upstream:remotename)%00%(upstream:remoteref) refs/heads/main refs/remotes/main [2ms]
2026-05-08 11:48:16.764 [warning] [Git][revParse] Unable to read file: ENOENT: no such file or directory, open '/workspaces/family-monitor/.git/refs/remotes/origin/main'
2026-05-08 11:48:16.765 [info] > git rev-parse refs/remotes/origin/main [1ms]
2026-05-08 11:48:16.811 [info] > git status -z -uall [21ms]
2026-05-08 11:48:16.819 [info] > git for-each-ref --sort -committerdate --format %(refname)%00%(objectname)%00%(*objectname) [9ms]
2026-05-08 11:48:21.834 [info] > git config --get commit.template [5ms]
2026-05-08 11:48:21.849 [info] > git for-each-ref --format=%(refname)%00%(upstream:short)%00%(objectname)%00%(upstream:track)%00%(upstream:remotename)%00%(upstream:remoteref) refs/heads/main refs/remotes/main [2ms]
2026-05-08 11:48:21.867 [warning] [Git][revParse] Unable to read file: ENOENT: no such file or directory, open '/workspaces/family-monitor/.git/refs/remotes/origin/main'
2026-05-08 11:48:21.869 [info] > git rev-parse refs/remotes/origin/main [2ms]
2026-05-08 11:48:21.898 [info] > git for-each-ref --sort -committerdate --format %(refname)%00%(objectname)%00%(*objectname) [2ms]
2026-05-08 11:48:21.902 [info] > git status -z -uall [20ms]
2026-05-08 11:50:45.865 [info] > git config --get commit.template [23ms]
2026-05-08 11:50:45.871 [info] > git for-each-ref --format=%(refname)%00%(upstream:short)%00%(objectname)%00%(upstream:track)%00%(upstream:remotename)%00%(upstream:remoteref) refs/heads/main refs/remotes/main [7ms]
2026-05-08 11:50:45.894 [warning] [Git][revParse] Unable to read file: ENOENT: no such file or directory, open '/workspaces/family-monitor/.git/refs/remotes/origin/main'
2026-05-08 11:50:45.898 [info] > git rev-parse refs/remotes/origin/main [4ms]
2026-05-08 11:50:45.942 [info] > git status -z -uall [21ms]
2026-05-08 11:50:45.949 [info] > git for-each-ref --sort -committerdate --format %(refname)%00%(objectname)%00%(*objectname) [7ms]
2026-05-08 11:50:47.799 [info] > git config --local -l [2ms]
2026-05-08 11:50:47.935 [info] > git config --local -l [3ms]
2026-05-08 11:50:50.963 [info] > git config --get commit.template [4ms]
2026-05-08 11:50:50.977 [info] > git for-each-ref --format=%(refname)%00%(upstream:short)%00%(objectname)%00%(upstream:track)%00%(upstream:remotename)%00%(upstream:remoteref) refs/heads/main refs/remotes/main [3ms]
2026-05-08 11:50:50.985 [warning] [Git][revParse] Unable to read file: ENOENT: no such file or directory, open '/workspaces/family-monitor/.git/refs/remotes/origin/main'
2026-05-08 11:50:50.987 [info] > git rev-parse refs/remotes/origin/main [2ms]
2026-05-08 11:50:51.016 [info] > git status -z -uall [21ms]
2026-05-08 11:50:51.018 [info] > git for-each-ref --sort -committerdate --format %(refname)%00%(objectname)%00%(*objectname) [8ms]
2026-05-08 11:50:56.042 [info] > git config --get commit.template [7ms]
2026-05-08 11:50:56.057 [info] > git for-each-ref --format=%(refname)%00%(upstream:short)%00%(objectname)%00%(upstream:track)%00%(upstream:remotename)%00%(upstream:remoteref) refs/heads/main refs/remotes/main [2ms]
2026-05-08 11:50:56.071 [warning] [Git][revParse] Unable to read file: ENOENT: no such file or directory, open '/workspaces/family-monitor/.git/refs/remotes/origin/main'
2026-05-08 11:50:56.077 [info] > git rev-parse refs/remotes/origin/main [6ms]
2026-05-08 11:50:56.116 [info] > git status -z -uall [21ms]
2026-05-08 11:50:56.120 [info] > git for-each-ref --sort -committerdate --format %(refname)%00%(objectname)%00%(*objectname) [7ms]
2026-05-08 11:51:01.146 [info] > git config --get commit.template [9ms]
2026-05-08 11:51:01.148 [info] > git for-each-ref --format=%(refname)%00%(upstream:short)%00%(objectname)%00%(upstream:track)%00%(upstream:remotename)%00%(upstream:remoteref) refs/heads/main refs/remotes/main [3ms]
2026-05-08 11:51:01.159 [warning] [Git][revParse] Unable to read file: ENOENT: no such file or directory, open '/workspaces/family-monitor/.git/refs/remotes/origin/main'
2026-05-08 11:51:01.160 [info] > git rev-parse refs/remotes/origin/main [1ms]
2026-05-08 11:51:01.187 [info] > git status -z -uall [20ms]
2026-05-08 11:51:01.188 [info] > git for-each-ref --sort -committerdate --format %(refname)%00%(objectname)%00%(*objectname) [10ms]
2026-05-08 11:51:06.288 [info] > git config --get commit.template [22ms]
2026-05-08 11:51:06.364 [info] > git for-each-ref --format=%(refname)%00%(upstream:short)%00%(objectname)%00%(upstream:track)%00%(upstream:remotename)%00%(upstream:remoteref) refs/heads/main refs/remotes/main [18ms]
2026-05-08 11:51:06.435 [warning] [Git][revParse] Unable to read file: ENOENT: no such file or directory, open '/workspaces/family-monitor/.git/refs/remotes/origin/main'
2026-05-08 11:51:06.448 [info] > git rev-parse refs/remotes/origin/main [14ms]
2026-05-08 11:51:06.624 [info] > git status -z -uall [98ms]
2026-05-08 11:51:06.634 [info] > git for-each-ref --sort -committerdate --format %(refname)%00%(objectname)%00%(*objectname) [10ms]
2026-05-08 11:51:11.733 [info] > git config --get commit.template [19ms]
2026-05-08 11:51:11.790 [info] > git for-each-ref --format=%(refname)%00%(upstream:short)%00%(objectname)%00%(upstream:track)%00%(upstream:remotename)%00%(upstream:remoteref) refs/heads/main refs/remotes/main [5ms]
2026-05-08 11:51:11.819 [warning] [Git][revParse] Unable to read file: ENOENT: no such file or directory, open '/workspaces/family-monitor/.git/refs/remotes/origin/main'
2026-05-08 11:51:11.823 [info] > git rev-parse refs/remotes/origin/main [4ms]
2026-05-08 11:51:11.914 [info] > git status -z -uall [46ms]
2026-05-08 11:51:11.921 [info] > git for-each-ref --sort -committerdate --format %(refname)%00%(objectname)%00%(*objectname) [9ms]
2026-05-08 11:51:16.980 [info] > git config --get commit.template [34ms]
2026-05-08 11:51:16.981 [info] > git for-each-ref --format=%(refname)%00%(upstream:short)%00%(objectname)%00%(upstream:track)%00%(upstream:remotename)%00%(upstream:remoteref) refs/heads/main refs/remotes/main [8ms]
2026-05-08 11:51:17.003 [warning] [Git][revParse] Unable to read file: ENOENT: no such file or directory, open '/workspaces/family-monitor/.git/refs/remotes/origin/main'
2026-05-08 11:51:17.008 [info] > git rev-parse refs/remotes/origin/main [6ms]
2026-05-08 11:51:17.067 [info] > git for-each-ref --sort -committerdate --format %(refname)%00%(objectname)%00%(*objectname) [8ms]
2026-05-08 11:51:17.103 [info] > git status -z -uall [71ms]
2026-05-08 11:51:22.243 [info] > git config --get commit.template [71ms]
2026-05-08 11:51:22.274 [info] > git for-each-ref --format=%(refname)%00%(upstream:short)%00%(objectname)%00%(upstream:track)%00%(upstream:remotename)%00%(upstream:remoteref) refs/heads/main refs/remotes/main [31ms]
2026-05-08 11:51:22.336 [warning] [Git][revParse] Unable to read file: ENOENT: no such file or directory, open '/workspaces/family-monitor/.git/refs/remotes/origin/main'
2026-05-08 11:51:22.342 [info] > git rev-parse refs/remotes/origin/main [6ms]
2026-05-08 11:51:22.462 [info] > git status -z -uall [68ms]
2026-05-08 11:51:22.469 [info] > git for-each-ref --sort -committerdate --format %(refname)%00%(objectname)%00%(*objectname) [21ms]
2026-05-08 11:51:27.520 [info] > git config --get commit.template [7ms]
2026-05-08 11:51:27.543 [info] > git for-each-ref --format=%(refname)%00%(upstream:short)%00%(objectname)%00%(upstream:track)%00%(upstream:remotename)%00%(upstream:remoteref) refs/heads/main refs/remotes/main [3ms]
2026-05-08 11:51:27.567 [warning] [Git][revParse] Unable to read file: ENOENT: no such file or directory, open '/workspaces/family-monitor/.git/refs/remotes/origin/main'
2026-05-08 11:51:27.571 [info] > git rev-parse refs/remotes/origin/main [4ms]
2026-05-08 11:51:27.632 [info] > git status -z -uall [37ms]
2026-05-08 11:51:27.637 [info] > git for-each-ref --sort -committerdate --format %(refname)%00%(objectname)%00%(*objectname) [11ms]
2026-05-08 11:51:50.122 [info] > git config --get commit.template [3ms]
2026-05-08 11:51:50.135 [info] > git for-each-ref --format=%(refname)%00%(upstream:short)%00%(objectname)%00%(upstream:track)%00%(upstream:remotename)%00%(upstream:remoteref) refs/heads/main refs/remotes/main [4ms]
2026-05-08 11:51:50.147 [warning] [Git][revParse] Unable to read file: ENOENT: no such file or directory, open '/workspaces/family-monitor/.git/refs/remotes/origin/main'
2026-05-08 11:51:50.150 [info] > git rev-parse refs/remotes/origin/main [3ms]
2026-05-08 11:51:50.184 [info] > git for-each-ref --sort -committerdate --format %(refname)%00%(objectname)%00%(*objectname) [6ms]
2026-05-08 11:51:50.199 [info] > git status -z -uall [38ms]
2026-05-08 11:52:38.630 [info] > git config --get commit.template [12ms]
2026-05-08 11:52:38.632 [info] > git for-each-ref --format=%(refname)%00%(upstream:short)%00%(objectname)%00%(upstream:track)%00%(upstream:remotename)%00%(upstream:remoteref) refs/heads/main refs/remotes/main [2ms]
2026-05-08 11:52:38.639 [warning] [Git][revParse] Unable to read file: ENOENT: no such file or directory, open '/workspaces/family-monitor/.git/refs/remotes/origin/main'
2026-05-08 11:52:38.643 [info] > git rev-parse refs/remotes/origin/main [4ms]
2026-05-08 11:52:38.664 [info] > git status -z -uall [13ms]
2026-05-08 11:52:38.666 [info] > git for-each-ref --sort -committerdate --format %(refname)%00%(objectname)%00%(*objectname) [4ms]
2026-05-08 11:52:44.319 [info] > git config --get commit.template [27ms]
2026-05-08 11:52:44.323 [info] > git for-each-ref --format=%(refname)%00%(upstream:short)%00%(objectname)%00%(upstream:track)%00%(upstream:remotename)%00%(upstream:remoteref) refs/heads/main refs/remotes/main [6ms]
2026-05-08 11:52:44.343 [warning] [Git][revParse] Unable to read file: ENOENT: no such file or directory, open '/workspaces/family-monitor/.git/refs/remotes/origin/main'
2026-05-08 11:52:44.349 [info] > git rev-parse refs/remotes/origin/main [7ms]
2026-05-08 11:52:44.388 [info] > git status -z -uall [22ms]
2026-05-08 11:52:44.396 [info] > git for-each-ref --sort -committerdate --format %(refname)%00%(objectname)%00%(*objectname) [10ms]
2026-05-08 11:52:49.491 [info] > git config --get commit.template [39ms]
2026-05-08 11:52:49.496 [info] > git for-each-ref --format=%(refname)%00%(upstream:short)%00%(objectname)%00%(upstream:track)%00%(upstream:remotename)%00%(upstream:remoteref) refs/heads/main refs/remotes/main [9ms]
2026-05-08 11:52:49.529 [warning] [Git][revParse] Unable to read file: ENOENT: no such file or directory, open '/workspaces/family-monitor/.git/refs/remotes/origin/main'
2026-05-08 11:52:49.536 [info] > git rev-parse refs/remotes/origin/main [7ms]
2026-05-08 11:52:49.592 [info] > git status -z -uall [33ms]
2026-05-08 11:52:49.605 [info] > git for-each-ref --sort -committerdate --format %(refname)%00%(objectname)%00%(*objectname) [16ms]
2026-05-08 11:52:56.322 [info] > git config --get commit.template [17ms]
2026-05-08 11:52:56.328 [info] > git for-each-ref --format=%(refname)%00%(upstream:short)%00%(objectname)%00%(upstream:track)%00%(upstream:remotename)%00%(upstream:remoteref) refs/heads/main refs/remotes/main [9ms]
2026-05-08 11:52:56.358 [warning] [Git][revParse] Unable to read file: ENOENT: no such file or directory, open '/workspaces/family-monitor/.git/refs/remotes/origin/main'
2026-05-08 11:52:56.363 [info] > git rev-parse refs/remotes/origin/main [5ms]
2026-05-08 11:52:56.419 [info] > git status -z -uall [35ms]
2026-05-08 11:52:56.426 [info] > git for-each-ref --sort -committerdate --format %(refname)%00%(objectname)%00%(*objectname) [10ms]
2026-05-08 11:53:22.790 [info] > git config --get commit.template [2ms]
2026-05-08 11:53:23.384 [info] > git for-each-ref --format=%(refname)%00%(upstream:short)%00%(objectname)%00%(upstream:track)%00%(upstream:remotename)%00%(upstream:remoteref) refs/heads/main refs/remotes/main [568ms]
2026-05-08 11:53:23.403 [warning] [Git][revParse] Unable to read file: ENOENT: no such file or directory, open '/workspaces/family-monitor/.git/refs/remotes/origin/main'
2026-05-08 11:53:24.132 [info] > git rev-parse refs/remotes/origin/main [729ms]
2026-05-08 11:53:24.188 [info] > git for-each-ref --sort -committerdate --format %(refname)%00%(objectname)%00%(*objectname) [7ms]
2026-05-08 11:53:24.299 [info] > git status -z -uall [146ms]
2026-05-08 11:54:17.078 [info] > git config --get commit.template [2ms]
2026-05-08 11:54:17.094 [info] > git for-each-ref --format=%(refname)%00%(upstream:short)%00%(objectname)%00%(upstream:track)%00%(upstream:remotename)%00%(upstream:remoteref) refs/heads/main refs/remotes/main [3ms]
2026-05-08 11:54:17.103 [warning] [Git][revParse] Unable to read file: ENOENT: no such file or directory, open '/workspaces/family-monitor/.git/refs/remotes/origin/main'
2026-05-08 11:54:17.103 [info] > git rev-parse refs/remotes/origin/main [0ms]
2026-05-08 11:54:17.126 [info] > git status -z -uall [16ms]
2026-05-08 11:54:17.130 [info] > git for-each-ref --sort -committerdate --format %(refname)%00%(objectname)%00%(*objectname) [9ms]
2026-05-08 11:54:22.237 [info] > git config --get commit.template [43ms]
2026-05-08 11:54:22.249 [info] > git for-each-ref --format=%(refname)%00%(upstream:short)%00%(objectname)%00%(upstream:track)%00%(upstream:remotename)%00%(upstream:remoteref) refs/heads/main refs/remotes/main [13ms]
2026-05-08 11:54:22.276 [warning] [Git][revParse] Unable to read file: ENOENT: no such file or directory, open '/workspaces/family-monitor/.git/refs/remotes/origin/main'
2026-05-08 11:54:22.277 [info] > git rev-parse refs/remotes/origin/main [1ms]
2026-05-08 11:54:22.321 [info] > git status -z -uall [25ms]
2026-05-08 11:54:22.325 [info] > git for-each-ref --sort -committerdate --format %(refname)%00%(objectname)%00%(*objectname) [8ms]
2026-05-08 11:54:27.368 [info] > git config --get commit.template [4ms]
2026-05-08 11:54:27.435 [info] > git for-each-ref --format=%(refname)%00%(upstream:short)%00%(objectname)%00%(upstream:track)%00%(upstream:remotename)%00%(upstream:remoteref) refs/heads/main refs/remotes/main [20ms]
2026-05-08 11:54:27.487 [warning] [Git][revParse] Unable to read file: ENOENT: no such file or directory, open '/workspaces/family-monitor/.git/refs/remotes/origin/main'
2026-05-08 11:54:27.495 [info] > git rev-parse refs/remotes/origin/main [8ms]
2026-05-08 11:54:27.589 [info] > git status -z -uall [51ms]
2026-05-08 11:54:27.591 [info] > git for-each-ref --sort -committerdate --format %(refname)%00%(objectname)%00%(*objectname) [5ms]
2026-05-08 11:54:32.665 [info] > git config --get commit.template [7ms]
2026-05-08 11:54:32.697 [info] > git for-each-ref --format=%(refname)%00%(upstream:short)%00%(objectname)%00%(upstream:track)%00%(upstream:remotename)%00%(upstream:remoteref) refs/heads/main refs/remotes/main [7ms]
2026-05-08 11:54:32.725 [warning] [Git][revParse] Unable to read file: ENOENT: no such file or directory, open '/workspaces/family-monitor/.git/refs/remotes/origin/main'
2026-05-08 11:54:32.729 [info] > git rev-parse refs/remotes/origin/main [4ms]
2026-05-08 11:54:32.797 [info] > git status -z -uall [33ms]
2026-05-08 11:54:32.802 [info] > git for-each-ref --sort -committerdate --format %(refname)%00%(objectname)%00%(*objectname) [14ms]
2026-05-08 11:54:37.887 [info] > git config --get commit.template [49ms]
2026-05-08 11:54:37.905 [info] > git for-each-ref --format=%(refname)%00%(upstream:short)%00%(objectname)%00%(upstream:track)%00%(upstream:remotename)%00%(upstream:remoteref) refs/heads/main refs/remotes/main [34ms]
2026-05-08 11:54:37.929 [warning] [Git][revParse] Unable to read file: ENOENT: no such file or directory, open '/workspaces/family-monitor/.git/refs/remotes/origin/main'
2026-05-08 11:54:37.937 [info] > git rev-parse refs/remotes/origin/main [8ms]
2026-05-08 11:54:38.011 [info] > git for-each-ref --sort -committerdate --format %(refname)%00%(objectname)%00%(*objectname) [14ms]
2026-05-08 11:54:38.115 [info] > git status -z -uall [157ms]
2026-05-08 11:55:04.502 [info] > git config --get commit.template [10ms]
2026-05-08 11:55:04.521 [info] > git for-each-ref --format=%(refname)%00%(upstream:short)%00%(objectname)%00%(upstream:track)%00%(upstream:remotename)%00%(upstream:remoteref) refs/heads/main refs/remotes/main [19ms]
2026-05-08 11:55:04.532 [warning] [Git][revParse] Unable to read file: ENOENT: no such file or directory, open '/workspaces/family-monitor/.git/refs/remotes/origin/main'
2026-05-08 11:55:04.534 [info] > git rev-parse refs/remotes/origin/main [2ms]
2026-05-08 11:55:04.557 [info] > git for-each-ref --sort -committerdate --format %(refname)%00%(objectname)%00%(*objectname) [7ms]
2026-05-08 11:55:04.594 [info] > git status -z -uall [53ms]
2026-05-08 11:55:49.516 [info] > git config --local -l [1ms]
2026-05-08 11:55:49.607 [info] > git config --local -l [3ms]
2026-05-08 11:56:27.050 [info] > git config --get commit.template [4ms]
2026-05-08 11:56:27.064 [info] > git for-each-ref --format=%(refname)%00%(upstream:short)%00%(objectname)%00%(upstream:track)%00%(upstream:remotename)%00%(upstream:remoteref) refs/heads/main refs/remotes/main [2ms]
2026-05-08 11:56:27.077 [warning] [Git][revParse] Unable to read file: ENOENT: no such file or directory, open '/workspaces/family-monitor/.git/refs/remotes/origin/main'
2026-05-08 11:56:27.078 [info] > git rev-parse refs/remotes/origin/main [1ms]
2026-05-08 11:56:27.107 [info] > git status -z -uall [17ms]
2026-05-08 11:56:27.114 [info] > git for-each-ref --sort -committerdate --format %(refname)%00%(objectname)%00%(*objectname) [7ms]
2026-05-08 11:56:32.143 [info] > git config --get commit.template [7ms]
2026-05-08 11:56:32.171 [info] > git for-each-ref --format=%(refname)%00%(upstream:short)%00%(objectname)%00%(upstream:track)%00%(upstream:remotename)%00%(upstream:remoteref) refs/heads/main refs/remotes/main [5ms]
2026-05-08 11:56:32.187 [warning] [Git][revParse] Unable to read file: ENOENT: no such file or directory, open '/workspaces/family-monitor/.git/refs/remotes/origin/main'
2026-05-08 11:56:32.191 [info] > git rev-parse refs/remotes/origin/main [4ms]
2026-05-08 11:56:32.231 [info] > git status -z -uall [22ms]
2026-05-08 11:56:32.233 [info] > git for-each-ref --sort -committerdate --format %(refname)%00%(objectname)%00%(*objectname) [6ms]
2026-05-08 11:56:37.298 [info] > git config --get commit.template [36ms]
2026-05-08 11:56:37.306 [info] > git for-each-ref --format=%(refname)%00%(upstream:short)%00%(objectname)%00%(upstream:track)%00%(upstream:remotename)%00%(upstream:remoteref) refs/heads/main refs/remotes/main [18ms]
2026-05-08 11:56:37.341 [warning] [Git][revParse] Unable to read file: ENOENT: no such file or directory, open '/workspaces/family-monitor/.git/refs/remotes/origin/main'
2026-05-08 11:56:37.350 [info] > git rev-parse refs/remotes/origin/main [8ms]
2026-05-08 11:56:37.421 [info] > git status -z -uall [39ms]
2026-05-08 11:56:37.438 [info] > git for-each-ref --sort -committerdate --format %(refname)%00%(objectname)%00%(*objectname) [30ms]
2026-05-08 11:56:42.613 [info] > git config --get commit.template [148ms]
2026-05-08 11:56:42.647 [info] > git for-each-ref --format=%(refname)%00%(upstream:short)%00%(objectname)%00%(upstream:track)%00%(upstream:remotename)%00%(upstream:remoteref) refs/heads/main refs/remotes/main [159ms]
2026-05-08 11:56:42.668 [warning] [Git][revParse] Unable to read file: ENOENT: no such file or directory, open '/workspaces/family-monitor/.git/refs/remotes/origin/main'
2026-05-08 11:56:42.671 [info] > git rev-parse refs/remotes/origin/main [3ms]
2026-05-08 11:56:42.729 [info] > git for-each-ref --sort -committerdate --format %(refname)%00%(objectname)%00%(*objectname) [15ms]
2026-05-08 11:56:43.012 [info] > git status -z -uall [322ms]
2026-05-08 11:56:48.148 [info] > git config --get commit.template [11ms]
2026-05-08 11:56:48.267 [info] > git for-each-ref --format=%(refname)%00%(upstream:short)%00%(objectname)%00%(upstream:track)%00%(upstream:remotename)%00%(upstream:remoteref) refs/heads/main refs/remotes/main [120ms]
2026-05-08 11:56:48.282 [warning] [Git][revParse] Unable to read file: ENOENT: no such file or directory, open '/workspaces/family-monitor/.git/refs/remotes/origin/main'
2026-05-08 11:56:48.287 [info] > git rev-parse refs/remotes/origin/main [5ms]
2026-05-08 11:56:48.789 [info] > git for-each-ref --sort -committerdate --format %(refname)%00%(objectname)%00%(*objectname) [476ms]
2026-05-08 11:56:49.549 [info] > git status -z -uall [1251ms]
2026-05-08 12:00:18.307 [info] > git config --get commit.template [14ms]
2026-05-08 12:00:18.310 [info] > git for-each-ref --format=%(refname)%00%(upstream:short)%00%(objectname)%00%(upstream:track)%00%(upstream:remotename)%00%(upstream:remoteref) refs/heads/main refs/remotes/main [4ms]
2026-05-08 12:00:18.316 [warning] [Git][revParse] Unable to read file: ENOENT: no such file or directory, open '/workspaces/family-monitor/.git/refs/remotes/origin/main'
2026-05-08 12:00:18.318 [info] > git rev-parse refs/remotes/origin/main [2ms]
2026-05-08 12:00:18.344 [info] > git status -z -uall [15ms]
2026-05-08 12:00:18.346 [info] > git for-each-ref --sort -committerdate --format %(refname)%00%(objectname)%00%(*objectname) [4ms]
2026-05-08 12:00:23.386 [info] > git config --get commit.template [6ms]
2026-05-08 12:00:23.438 [info] > git for-each-ref --format=%(refname)%00%(upstream:short)%00%(objectname)%00%(upstream:track)%00%(upstream:remotename)%00%(upstream:remoteref) refs/heads/main refs/remotes/main [8ms]
2026-05-08 12:00:23.469 [warning] [Git][revParse] Unable to read file: ENOENT: no such file or directory, open '/workspaces/family-monitor/.git/refs/remotes/origin/main'
2026-05-08 12:00:23.475 [info] > git rev-parse refs/remotes/origin/main [6ms]
2026-05-08 12:00:23.532 [info] > git status -z -uall [30ms]
2026-05-08 12:00:23.544 [info] > git for-each-ref --sort -committerdate --format %(refname)%00%(objectname)%00%(*objectname) [13ms]
2026-05-08 12:00:28.584 [info] > git config --get commit.template [1ms]
2026-05-08 12:00:28.623 [info] > git for-each-ref --format=%(refname)%00%(upstream:short)%00%(objectname)%00%(upstream:track)%00%(upstream:remotename)%00%(upstream:remoteref) refs/heads/main refs/remotes/main [12ms]
2026-05-08 12:00:28.660 [warning] [Git][revParse] Unable to read file: ENOENT: no such file or directory, open '/workspaces/family-monitor/.git/refs/remotes/origin/main'
2026-05-08 12:00:28.663 [info] > git rev-parse refs/remotes/origin/main [3ms]
2026-05-08 12:00:28.725 [info] > git status -z -uall [37ms]
2026-05-08 12:00:28.733 [info] > git for-each-ref --sort -committerdate --format %(refname)%00%(objectname)%00%(*objectname) [12ms]
2026-05-08 12:00:33.795 [info] > git config --get commit.template [30ms]
2026-05-08 12:00:33.803 [info] > git for-each-ref --format=%(refname)%00%(upstream:short)%00%(objectname)%00%(upstream:track)%00%(upstream:remotename)%00%(upstream:remoteref) refs/heads/main refs/remotes/main [9ms]
2026-05-08 12:00:33.815 [warning] [Git][revParse] Unable to read file: ENOENT: no such file or directory, open '/workspaces/family-monitor/.git/refs/remotes/origin/main'
2026-05-08 12:00:33.817 [info] > git rev-parse refs/remotes/origin/main [2ms]
2026-05-08 12:00:33.864 [info] > git status -z -uall [32ms]
2026-05-08 12:00:33.869 [info] > git for-each-ref --sort -committerdate --format %(refname)%00%(objectname)%00%(*objectname) [10ms]
2026-05-08 12:00:47.117 [info] > git config --get commit.template [215ms]
2026-05-08 12:00:47.128 [info] > git for-each-ref --format=%(refname)%00%(upstream:short)%00%(objectname)%00%(upstream:track)%00%(upstream:remotename)%00%(upstream:remoteref) refs/heads/main refs/remotes/main [193ms]
2026-05-08 12:00:47.153 [warning] [Git][revParse] Unable to read file: ENOENT: no such file or directory, open '/workspaces/family-monitor/.git/refs/remotes/origin/main'
2026-05-08 12:00:47.161 [info] > git rev-parse refs/remotes/origin/main [8ms]
2026-05-08 12:00:47.301 [info] > git for-each-ref --sort -committerdate --format %(refname)%00%(objectname)%00%(*objectname) [34ms]
2026-05-08 12:00:47.453 [info] > git status -z -uall [224ms]
2026-05-08 12:00:50.944 [info] > git config --local -l [4ms]
2026-05-08 12:00:51.066 [info] > git config --local -l [10ms]
2026-05-08 12:00:52.536 [info] > git config --get commit.template [37ms]
2026-05-08 12:00:52.541 [info] > git for-each-ref --format=%(refname)%00%(upstream:short)%00%(objectname)%00%(upstream:track)%00%(upstream:remotename)%00%(upstream:remoteref) refs/heads/main refs/remotes/main [6ms]
2026-05-08 12:00:52.567 [warning] [Git][revParse] Unable to read file: ENOENT: no such file or directory, open '/workspaces/family-monitor/.git/refs/remotes/origin/main'
2026-05-08 12:00:52.573 [info] > git rev-parse refs/remotes/origin/main [6ms]
2026-05-08 12:00:52.655 [info] > git for-each-ref --sort -committerdate --format %(refname)%00%(objectname)%00%(*objectname) [17ms]
2026-05-08 12:00:52.662 [info] > git status -z -uall [43ms]
2026-05-08 12:00:57.846 [info] > git config --get commit.template [68ms]
2026-05-08 12:00:57.846 [info] > git for-each-ref --format=%(refname)%00%(upstream:short)%00%(objectname)%00%(upstream:track)%00%(upstream:remotename)%00%(upstream:remoteref) refs/heads/main refs/remotes/main [11ms]
2026-05-08 12:00:57.881 [warning] [Git][revParse] Unable to read file: ENOENT: no such file or directory, open '/workspaces/family-monitor/.git/refs/remotes/origin/main'
2026-05-08 12:00:57.892 [info] > git rev-parse refs/remotes/origin/main [11ms]
2026-05-08 12:00:57.982 [info] > git status -z -uall [54ms]
2026-05-08 12:00:58.003 [info] > git for-each-ref --sort -committerdate --format %(refname)%00%(objectname)%00%(*objectname) [23ms]
2026-05-08 12:01:03.048 [info] > git config --get commit.template [6ms]
2026-05-08 12:01:03.099 [info] > git for-each-ref --format=%(refname)%00%(upstream:short)%00%(objectname)%00%(upstream:track)%00%(upstream:remotename)%00%(upstream:remoteref) refs/heads/main refs/remotes/main [22ms]
2026-05-08 12:01:03.116 [warning] [Git][revParse] Unable to read file: ENOENT: no such file or directory, open '/workspaces/family-monitor/.git/refs/remotes/origin/main'
2026-05-08 12:01:03.126 [info] > git rev-parse refs/remotes/origin/main [11ms]
2026-05-08 12:01:03.174 [info] > git status -z -uall [37ms]
2026-05-08 12:01:03.178 [info] > git for-each-ref --sort -committerdate --format %(refname)%00%(objectname)%00%(*objectname) [16ms]
2026-05-08 12:01:08.300 [info] > git config --get commit.template [57ms]
2026-05-08 12:01:08.312 [info] > git for-each-ref --format=%(refname)%00%(upstream:short)%00%(objectname)%00%(upstream:track)%00%(upstream:remotename)%00%(upstream:remoteref) refs/heads/main refs/remotes/main [17ms]
2026-05-08 12:01:08.374 [warning] [Git][revParse] Unable to read file: ENOENT: no such file or directory, open '/workspaces/family-monitor/.git/refs/remotes/origin/main'
2026-05-08 12:01:08.391 [info] > git rev-parse refs/remotes/origin/main [17ms]
2026-05-08 12:01:08.534 [info] > git status -z -uall [90ms]
2026-05-08 12:01:08.543 [info] > git for-each-ref --sort -committerdate --format %(refname)%00%(objectname)%00%(*objectname) [25ms]
2026-05-08 12:01:13.700 [info] > git config --get commit.template [77ms]
2026-05-08 12:01:13.726 [info] > git for-each-ref --format=%(refname)%00%(upstream:short)%00%(objectname)%00%(upstream:track)%00%(upstream:remotename)%00%(upstream:remoteref) refs/heads/main refs/remotes/main [28ms]
2026-05-08 12:01:13.788 [warning] [Git][revParse] Unable to read file: ENOENT: no such file or directory, open '/workspaces/family-monitor/.git/refs/remotes/origin/main'
2026-05-08 12:01:13.791 [info] > git rev-parse refs/remotes/origin/main [3ms]
2026-05-08 12:01:13.899 [info] > git status -z -uall [48ms]
2026-05-08 12:01:13.911 [info] > git for-each-ref --sort -committerdate --format %(refname)%00%(objectname)%00%(*objectname) [19ms]
2026-05-08 12:01:19.015 [info] > git for-each-ref --format=%(refname)%00%(upstream:short)%00%(objectname)%00%(upstream:track)%00%(upstream:remotename)%00%(upstream:remoteref) refs/heads/main refs/remotes/main [7ms]
2026-05-08 12:01:19.017 [info] > git config --get commit.template [59ms]
2026-05-08 12:01:19.050 [warning] [Git][revParse] Unable to read file: ENOENT: no such file or directory, open '/workspaces/family-monitor/.git/refs/remotes/origin/main'
2026-05-08 12:01:19.053 [info] > git rev-parse refs/remotes/origin/main [3ms]
2026-05-08 12:01:19.136 [info] > git status -z -uall [44ms]
2026-05-08 12:01:19.145 [info] > git for-each-ref --sort -committerdate --format %(refname)%00%(objectname)%00%(*objectname) [14ms]
2026-05-08 12:01:24.176 [info] > git config --get commit.template [8ms]
2026-05-08 12:01:24.188 [info] > git for-each-ref --format=%(refname)%00%(upstream:short)%00%(objectname)%00%(upstream:track)%00%(upstream:remotename)%00%(upstream:remoteref) refs/heads/main refs/remotes/main [1ms]
2026-05-08 12:01:24.210 [warning] [Git][revParse] Unable to read file: ENOENT: no such file or directory, open '/workspaces/family-monitor/.git/refs/remotes/origin/main'
2026-05-08 12:01:24.212 [info] > git rev-parse refs/remotes/origin/main [2ms]
2026-05-08 12:01:24.262 [info] > git status -z -uall [35ms]
2026-05-08 12:01:24.268 [info] > git for-each-ref --sort -committerdate --format %(refname)%00%(objectname)%00%(*objectname) [15ms]
2026-05-08 12:01:30.821 [info] > git config --get commit.template [2ms]
2026-05-08 12:01:30.915 [info] > git for-each-ref --format=%(refname)%00%(upstream:short)%00%(objectname)%00%(upstream:track)%00%(upstream:remotename)%00%(upstream:remoteref) refs/heads/main refs/remotes/main [6ms]
2026-05-08 12:01:30.934 [warning] [Git][revParse] Unable to read file: ENOENT: no such file or directory, open '/workspaces/family-monitor/.git/refs/remotes/origin/main'
2026-05-08 12:01:30.937 [info] > git rev-parse refs/remotes/origin/main [4ms]
2026-05-08 12:01:30.983 [info] > git status -z -uall [27ms]
2026-05-08 12:01:30.985 [info] > git for-each-ref --sort -committerdate --format %(refname)%00%(objectname)%00%(*objectname) [5ms]
2026-05-08 12:01:44.004 [info] > git config --get commit.template [48ms]
2026-05-08 12:01:44.010 [info] > git for-each-ref --format=%(refname)%00%(upstream:short)%00%(objectname)%00%(upstream:track)%00%(upstream:remotename)%00%(upstream:remoteref) refs/heads/main refs/remotes/main [8ms]
2026-05-08 12:01:44.022 [warning] [Git][revParse] Unable to read file: ENOENT: no such file or directory, open '/workspaces/family-monitor/.git/refs/remotes/origin/main'
2026-05-08 12:01:44.024 [info] > git rev-parse refs/remotes/origin/main [2ms]
2026-05-08 12:01:44.075 [info] > git status -z -uall [43ms]
2026-05-08 12:01:44.090 [info] > git for-each-ref --sort -committerdate --format %(refname)%00%(objectname)%00%(*objectname) [17ms]
2026-05-08 12:01:49.173 [info] > git config --get commit.template [27ms]
2026-05-08 12:01:49.177 [info] > git for-each-ref --format=%(refname)%00%(upstream:short)%00%(objectname)%00%(upstream:track)%00%(upstream:remotename)%00%(upstream:remoteref) refs/heads/main refs/remotes/main [7ms]
2026-05-08 12:01:49.223 [warning] [Git][revParse] Unable to read file: ENOENT: no such file or directory, open '/workspaces/family-monitor/.git/refs/remotes/origin/main'
2026-05-08 12:01:49.230 [info] > git rev-parse refs/remotes/origin/main [7ms]
2026-05-08 12:01:49.314 [info] > git status -z -uall [50ms]
2026-05-08 12:01:49.320 [info] > git for-each-ref --sort -committerdate --format %(refname)%00%(objectname)%00%(*objectname) [18ms]
2026-05-08 12:01:54.431 [info] > git config --get commit.template [51ms]
2026-05-08 12:01:54.440 [info] > git for-each-ref --format=%(refname)%00%(upstream:short)%00%(objectname)%00%(upstream:track)%00%(upstream:remotename)%00%(upstream:remoteref) refs/heads/main refs/remotes/main [12ms]
2026-05-08 12:01:54.497 [warning] [Git][revParse] Unable to read file: ENOENT: no such file or directory, open '/workspaces/family-monitor/.git/refs/remotes/origin/main'
2026-05-08 12:01:54.505 [info] > git rev-parse refs/remotes/origin/main [9ms]
2026-05-08 12:01:54.600 [info] > git status -z -uall [41ms]
2026-05-08 12:01:54.612 [info] > git for-each-ref --sort -committerdate --format %(refname)%00%(objectname)%00%(*objectname) [15ms]
2026-05-08 12:02:00.829 [info] > git config --get commit.template [57ms]
2026-05-08 12:02:00.846 [info] > git for-each-ref --format=%(refname)%00%(upstream:short)%00%(objectname)%00%(upstream:track)%00%(upstream:remotename)%00%(upstream:remoteref) refs/heads/main refs/remotes/main [19ms]
2026-05-08 12:02:00.914 [warning] [Git][revParse] Unable to read file: ENOENT: no such file or directory, open '/workspaces/family-monitor/.git/refs/remotes/origin/main'
2026-05-08 12:02:00.923 [info] > git rev-parse refs/remotes/origin/main [9ms]
2026-05-08 12:02:01.014 [info] > git status -z -uall [47ms]
2026-05-08 12:02:01.024 [info] > git for-each-ref --sort -committerdate --format %(refname)%00%(objectname)%00%(*objectname) [11ms]
2026-05-08 12:02:07.390 [info] > git config --get commit.template [4ms]
2026-05-08 12:02:07.445 [info] > git for-each-ref --format=%(refname)%00%(upstream:short)%00%(objectname)%00%(upstream:track)%00%(upstream:remotename)%00%(upstream:remoteref) refs/heads/main refs/remotes/main [7ms]
2026-05-08 12:02:07.494 [warning] [Git][revParse] Unable to read file: ENOENT: no such file or directory, open '/workspaces/family-monitor/.git/refs/remotes/origin/main'
2026-05-08 12:02:07.494 [info] > git rev-parse refs/remotes/origin/main [0ms]
2026-05-08 12:02:07.598 [info] > git status -z -uall [55ms]
2026-05-08 12:02:07.600 [info] > git for-each-ref --sort -committerdate --format %(refname)%00%(objectname)%00%(*objectname) [20ms]
2026-05-08 12:02:12.717 [info] > git config --get commit.template [74ms]
2026-05-08 12:02:12.733 [info] > git for-each-ref --format=%(refname)%00%(upstream:short)%00%(objectname)%00%(upstream:track)%00%(upstream:remotename)%00%(upstream:remoteref) refs/heads/main refs/remotes/main [16ms]
2026-05-08 12:02:12.797 [warning] [Git][revParse] Unable to read file: ENOENT: no such file or directory, open '/workspaces/family-monitor/.git/refs/remotes/origin/main'
2026-05-08 12:02:12.807 [info] > git rev-parse refs/remotes/origin/main [10ms]
2026-05-08 12:02:12.936 [info] > git status -z -uall [84ms]
2026-05-08 12:02:12.950 [info] > git for-each-ref --sort -committerdate --format %(refname)%00%(objectname)%00%(*objectname) [19ms]
2026-05-08 12:02:18.039 [info] > git config --get commit.template [29ms]
2026-05-08 12:02:18.125 [info] > git for-each-ref --format=%(refname)%00%(upstream:short)%00%(objectname)%00%(upstream:track)%00%(upstream:remotename)%00%(upstream:remoteref) refs/heads/main refs/remotes/main [9ms]
2026-05-08 12:02:18.171 [warning] [Git][revParse] Unable to read file: ENOENT: no such file or directory, open '/workspaces/family-monitor/.git/refs/remotes/origin/main'
2026-05-08 12:02:18.200 [info] > git rev-parse refs/remotes/origin/main [29ms]
2026-05-08 12:02:18.325 [info] > git status -z -uall [71ms]
2026-05-08 12:02:18.337 [info] > git for-each-ref --sort -committerdate --format %(refname)%00%(objectname)%00%(*objectname) [16ms]
2026-05-08 12:02:23.444 [info] > git config --get commit.template [9ms]
2026-05-08 12:02:23.485 [info] > git for-each-ref --format=%(refname)%00%(upstream:short)%00%(objectname)%00%(upstream:track)%00%(upstream:remotename)%00%(upstream:remoteref) refs/heads/main refs/remotes/main [9ms]
2026-05-08 12:02:23.527 [warning] [Git][revParse] Unable to read file: ENOENT: no such file or directory, open '/workspaces/family-monitor/.git/refs/remotes/origin/main'
2026-05-08 12:02:23.533 [info] > git rev-parse refs/remotes/origin/main [6ms]
2026-05-08 12:02:23.604 [info] > git status -z -uall [22ms]
2026-05-08 12:02:23.605 [info] > git for-each-ref --sort -committerdate --format %(refname)%00%(objectname)%00%(*objectname) [5ms]
2026-05-08 12:03:00.591 [info] > git config --get commit.template [60ms]
2026-05-08 12:03:00.603 [info] > git for-each-ref --format=%(refname)%00%(upstream:short)%00%(objectname)%00%(upstream:track)%00%(upstream:remotename)%00%(upstream:remoteref) refs/heads/main refs/remotes/main [19ms]
2026-05-08 12:03:00.671 [warning] [Git][revParse] Unable to read file: ENOENT: no such file or directory, open '/workspaces/family-monitor/.git/refs/remotes/origin/main'
2026-05-08 12:03:00.688 [info] > git rev-parse refs/remotes/origin/main [17ms]
2026-05-08 12:03:00.811 [info] > git status -z -uall [69ms]
2026-05-08 12:03:00.837 [info] > git for-each-ref --sort -committerdate --format %(refname)%00%(objectname)%00%(*objectname) [28ms]
2026-05-08 12:03:37.063 [info] > git config --get commit.template [72ms]
2026-05-08 12:03:37.073 [info] > git for-each-ref --format=%(refname)%00%(upstream:short)%00%(objectname)%00%(upstream:track)%00%(upstream:remotename)%00%(upstream:remoteref) refs/heads/main refs/remotes/main [12ms]
2026-05-08 12:03:37.130 [warning] [Git][revParse] Unable to read file: ENOENT: no such file or directory, open '/workspaces/family-monitor/.git/refs/remotes/origin/main'
2026-05-08 12:03:37.134 [info] > git rev-parse refs/remotes/origin/main [4ms]
2026-05-08 12:03:37.239 [info] > git status -z -uall [53ms]
2026-05-08 12:03:37.246 [info] > git for-each-ref --sort -committerdate --format %(refname)%00%(objectname)%00%(*objectname) [13ms]
2026-05-08 12:03:45.474 [info] > git config --get commit.template [90ms]
2026-05-08 12:03:45.491 [info] > git for-each-ref --format=%(refname)%00%(upstream:short)%00%(objectname)%00%(upstream:track)%00%(upstream:remotename)%00%(upstream:remoteref) refs/heads/main refs/remotes/main [19ms]
2026-05-08 12:03:45.544 [warning] [Git][revParse] Unable to read file: ENOENT: no such file or directory, open '/workspaces/family-monitor/.git/refs/remotes/origin/main'
2026-05-08 12:03:45.561 [info] > git rev-parse refs/remotes/origin/main [17ms]
2026-05-08 12:03:45.651 [info] > git status -z -uall [48ms]
2026-05-08 12:03:45.669 [info] > git for-each-ref --sort -committerdate --format %(refname)%00%(objectname)%00%(*objectname) [25ms]
2026-05-08 12:03:52.420 [info] > git config --get commit.template [2ms]
2026-05-08 12:03:52.434 [info] > git for-each-ref --format=%(refname)%00%(upstream:short)%00%(objectname)%00%(upstream:track)%00%(upstream:remotename)%00%(upstream:remoteref) refs/heads/main refs/remotes/main [7ms]
2026-05-08 12:03:52.454 [warning] [Git][revParse] Unable to read file: ENOENT: no such file or directory, open '/workspaces/family-monitor/.git/refs/remotes/origin/main'
2026-05-08 12:03:52.464 [info] > git rev-parse refs/remotes/origin/main [10ms]
2026-05-08 12:03:52.501 [info] > git status -z -uall [19ms]
2026-05-08 12:03:52.507 [info] > git for-each-ref --sort -committerdate --format %(refname)%00%(objectname)%00%(*objectname) [6ms]
2026-05-08 12:04:01.864 [info] > git config --get commit.template [102ms]
2026-05-08 12:04:01.871 [info] > git for-each-ref --format=%(refname)%00%(upstream:short)%00%(objectname)%00%(upstream:track)%00%(upstream:remotename)%00%(upstream:remoteref) refs/heads/main refs/remotes/main [11ms]
2026-05-08 12:04:01.901 [warning] [Git][revParse] Unable to read file: ENOENT: no such file or directory, open '/workspaces/family-monitor/.git/refs/remotes/origin/main'
2026-05-08 12:04:01.901 [info] > git rev-parse refs/remotes/origin/main [3ms]
2026-05-08 12:04:01.975 [info] > git for-each-ref --sort -committerdate --format %(refname)%00%(objectname)%00%(*objectname) [12ms]
2026-05-08 12:04:02.093 [info] > git status -z -uall [169ms]
2026-05-08 12:04:07.205 [info] > git config --get commit.template [48ms]
2026-05-08 12:04:07.217 [info] > git for-each-ref --format=%(refname)%00%(upstream:short)%00%(objectname)%00%(upstream:track)%00%(upstream:remotename)%00%(upstream:remoteref) refs/heads/main refs/remotes/main [13ms]
2026-05-08 12:04:07.260 [warning] [Git][revParse] Unable to read file: ENOENT: no such file or directory, open '/workspaces/family-monitor/.git/refs/remotes/origin/main'
2026-05-08 12:04:07.266 [info] > git rev-parse refs/remotes/origin/main [7ms]
2026-05-08 12:04:07.368 [info] > git status -z -uall [57ms]
2026-05-08 12:04:07.377 [info] > git for-each-ref --sort -committerdate --format %(refname)%00%(objectname)%00%(*objectname) [14ms]
2026-05-08 12:04:19.476 [info] > git config --get commit.template [531ms]
2026-05-08 12:04:19.477 [info] > git for-each-ref --format=%(refname)%00%(upstream:short)%00%(objectname)%00%(upstream:track)%00%(upstream:remotename)%00%(upstream:remoteref) refs/heads/main refs/remotes/main [424ms]
2026-05-08 12:04:19.498 [warning] [Git][revParse] Unable to read file: ENOENT: no such file or directory, open '/workspaces/family-monitor/.git/refs/remotes/origin/main'
2026-05-08 12:04:19.510 [info] > git rev-parse refs/remotes/origin/main [12ms]
2026-05-08 12:04:19.599 [info] > git for-each-ref --sort -committerdate --format %(refname)%00%(objectname)%00%(*objectname) [11ms]
2026-05-08 12:04:19.855 [info] > git status -z -uall [308ms]
2026-05-08 12:04:25.669 [info] > git config --get commit.template [11ms]
2026-05-08 12:04:25.949 [info] > git for-each-ref --format=%(refname)%00%(upstream:short)%00%(objectname)%00%(upstream:track)%00%(upstream:remotename)%00%(upstream:remoteref) refs/heads/main refs/remotes/main [281ms]
2026-05-08 12:04:25.977 [warning] [Git][revParse] Unable to read file: ENOENT: no such file or directory, open '/workspaces/family-monitor/.git/refs/remotes/origin/main'
2026-05-08 12:04:25.985 [info] > git rev-parse refs/remotes/origin/main [9ms]
2026-05-08 12:04:26.198 [info] > git status -z -uall [160ms]
2026-05-08 12:04:26.316 [info] > git for-each-ref --sort -committerdate --format %(refname)%00%(objectname)%00%(*objectname) [244ms]
2026-05-08 12:04:31.475 [info] > git config --get commit.template [83ms]
2026-05-08 12:04:31.561 [info] > git for-each-ref --format=%(refname)%00%(upstream:short)%00%(objectname)%00%(upstream:track)%00%(upstream:remotename)%00%(upstream:remoteref) refs/heads/main refs/remotes/main [87ms]
2026-05-08 12:04:31.625 [warning] [Git][revParse] Unable to read file: ENOENT: no such file or directory, open '/workspaces/family-monitor/.git/refs/remotes/origin/main'
2026-05-08 12:04:31.632 [info] > git rev-parse refs/remotes/origin/main [8ms]
2026-05-08 12:04:31.815 [info] > git for-each-ref --sort -committerdate --format %(refname)%00%(objectname)%00%(*objectname) [37ms]
2026-05-08 12:04:31.969 [info] > git status -z -uall [276ms]
2026-05-08 12:04:40.313 [info] > git for-each-ref --format=%(refname)%00%(upstream:short)%00%(objectname)%00%(upstream:track)%00%(upstream:remotename)%00%(upstream:remoteref) refs/heads/main refs/remotes/main [53ms]
2026-05-08 12:04:40.378 [warning] [Git][revParse] Unable to read file: ENOENT: no such file or directory, open '/workspaces/family-monitor/.git/refs/remotes/origin/main'
2026-05-08 12:04:40.381 [info] > git config --get commit.template [77ms]
2026-05-08 12:04:40.537 [info] > git rev-parse refs/remotes/origin/main [159ms]
2026-05-08 12:04:40.678 [info] > git for-each-ref --sort -committerdate --format %(refname)%00%(objectname)%00%(*objectname) [32ms]
2026-05-08 12:04:40.826 [info] > git status -z -uall [239ms]
2026-05-08 12:04:48.773 [info] > git config --get commit.template [110ms]
2026-05-08 12:04:48.810 [info] > git for-each-ref --format=%(refname)%00%(upstream:short)%00%(objectname)%00%(upstream:track)%00%(upstream:remotename)%00%(upstream:remoteref) refs/heads/main refs/remotes/main [172ms]
2026-05-08 12:04:48.839 [warning] [Git][revParse] Unable to read file: ENOENT: no such file or directory, open '/workspaces/family-monitor/.git/refs/remotes/origin/main'
2026-05-08 12:04:48.852 [info] > git rev-parse refs/remotes/origin/main [13ms]
2026-05-08 12:04:49.057 [info] > git for-each-ref --sort -committerdate --format %(refname)%00%(objectname)%00%(*objectname) [166ms]
2026-05-08 12:04:49.227 [info] > git status -z -uall [351ms]
2026-05-08 12:04:58.714 [info] > git config --get commit.template [80ms]
2026-05-08 12:04:58.729 [info] > git for-each-ref --format=%(refname)%00%(upstream:short)%00%(objectname)%00%(upstream:track)%00%(upstream:remotename)%00%(upstream:remoteref) refs/heads/main refs/remotes/main [17ms]
2026-05-08 12:04:58.761 [warning] [Git][revParse] Unable to read file: ENOENT: no such file or directory, open '/workspaces/family-monitor/.git/refs/remotes/origin/main'
2026-05-08 12:04:58.773 [info] > git rev-parse refs/remotes/origin/main [12ms]
2026-05-08 12:04:58.895 [info] > git for-each-ref --sort -committerdate --format %(refname)%00%(objectname)%00%(*objectname) [32ms]
2026-05-08 12:04:59.093 [info] > git status -z -uall [279ms]
2026-05-08 12:05:05.817 [info] > git for-each-ref --format=%(refname)%00%(upstream:short)%00%(objectname)%00%(upstream:track)%00%(upstream:remotename)%00%(upstream:remoteref) refs/heads/main refs/remotes/main [87ms]
2026-05-08 12:05:05.822 [info] > git config --get commit.template [14ms]
2026-05-08 12:05:05.861 [warning] [Git][revParse] Unable to read file: ENOENT: no such file or directory, open '/workspaces/family-monitor/.git/refs/remotes/origin/main'
2026-05-08 12:05:05.866 [info] > git rev-parse refs/remotes/origin/main [5ms]
2026-05-08 12:05:06.113 [info] > git for-each-ref --sort -committerdate --format %(refname)%00%(objectname)%00%(*objectname) [57ms]
2026-05-08 12:05:08.087 [info] > git status -z -uall [2120ms]
2026-05-08 12:05:50.384 [info] > git config --get commit.template [1839ms]
2026-05-08 12:05:50.414 [info] > git for-each-ref --format=%(refname)%00%(upstream:short)%00%(objectname)%00%(upstream:track)%00%(upstream:remotename)%00%(upstream:remoteref) refs/heads/main refs/remotes/main [1893ms]
2026-05-08 12:05:50.473 [warning] [Git][revParse] Unable to read file: ENOENT: no such file or directory, open '/workspaces/family-monitor/.git/refs/remotes/origin/main'
2026-05-08 12:05:50.491 [info] > git rev-parse refs/remotes/origin/main [18ms]
2026-05-08 12:05:50.594 [info] > git for-each-ref --sort -committerdate --format %(refname)%00%(objectname)%00%(*objectname) [50ms]
2026-05-08 12:05:50.907 [info] > git status -z -uall [399ms]
2026-05-08 12:05:52.971 [info] > git config --local -l [2ms]
2026-05-08 12:05:53.102 [info] > git config --local -l [4ms]
2026-05-08 12:05:55.987 [info] > git config --get commit.template [41ms]
2026-05-08 12:05:56.044 [info] > git for-each-ref --format=%(refname)%00%(upstream:short)%00%(objectname)%00%(upstream:track)%00%(upstream:remotename)%00%(upstream:remoteref) refs/heads/main refs/remotes/main [58ms]
2026-05-08 12:05:56.053 [warning] [Git][revParse] Unable to read file: ENOENT: no such file or directory, open '/workspaces/family-monitor/.git/refs/remotes/origin/main'
2026-05-08 12:05:56.062 [info] > git rev-parse refs/remotes/origin/main [9ms]
2026-05-08 12:05:56.364 [info] > git status -z -uall [266ms]
2026-05-08 12:05:56.397 [info] > git for-each-ref --sort -committerdate --format %(refname)%00%(objectname)%00%(*objectname) [247ms]
2026-05-08 12:06:01.431 [info] > git config --get commit.template [2ms]
2026-05-08 12:06:02.164 [info] > git for-each-ref --format=%(refname)%00%(upstream:short)%00%(objectname)%00%(upstream:track)%00%(upstream:remotename)%00%(upstream:remoteref) refs/heads/main refs/remotes/main [600ms]
2026-05-08 12:06:02.180 [warning] [Git][revParse] Unable to read file: ENOENT: no such file or directory, open '/workspaces/family-monitor/.git/refs/remotes/origin/main'
2026-05-08 12:06:02.185 [info] > git rev-parse refs/remotes/origin/main [5ms]
2026-05-08 12:06:02.624 [info] > git for-each-ref --sort -committerdate --format %(refname)%00%(objectname)%00%(*objectname) [380ms]
2026-05-08 12:06:02.818 [info] > git status -z -uall [610ms]
2026-05-08 12:06:24.154 [info] > git config --get commit.template [1433ms]
2026-05-08 12:06:24.195 [info] > git for-each-ref --format=%(refname)%00%(upstream:short)%00%(objectname)%00%(upstream:track)%00%(upstream:remotename)%00%(upstream:remoteref) refs/heads/main refs/remotes/main [1447ms]
2026-05-08 12:06:24.214 [warning] [Git][revParse] Unable to read file: ENOENT: no such file or directory, open '/workspaces/family-monitor/.git/refs/remotes/origin/main'
2026-05-08 12:06:24.233 [info] > git rev-parse refs/remotes/origin/main [18ms]
2026-05-08 12:06:24.304 [info] > git for-each-ref --sort -committerdate --format %(refname)%00%(objectname)%00%(*objectname) [24ms]
2026-05-08 12:06:24.465 [info] > git status -z -uall [214ms]
2026-05-08 12:06:29.674 [info] > git config --get commit.template [102ms]
2026-05-08 12:06:29.696 [info] > git for-each-ref --format=%(refname)%00%(upstream:short)%00%(objectname)%00%(upstream:track)%00%(upstream:remotename)%00%(upstream:remoteref) refs/heads/main refs/remotes/main [95ms]
2026-05-08 12:06:29.720 [warning] [Git][revParse] Unable to read file: ENOENT: no such file or directory, open '/workspaces/family-monitor/.git/refs/remotes/origin/main'
2026-05-08 12:06:29.732 [info] > git rev-parse refs/remotes/origin/main [14ms]
2026-05-08 12:06:29.781 [info] > git for-each-ref --sort -committerdate --format %(refname)%00%(objectname)%00%(*objectname) [22ms]
2026-05-08 12:06:29.985 [info] > git status -z -uall [236ms]
2026-05-08 12:06:35.907 [info] > git config --get commit.template [182ms]
2026-05-08 12:06:35.920 [info] > git for-each-ref --format=%(refname)%00%(upstream:short)%00%(objectname)%00%(upstream:track)%00%(upstream:remotename)%00%(upstream:remoteref) refs/heads/main refs/remotes/main [178ms]
2026-05-08 12:06:35.941 [warning] [Git][revParse] Unable to read file: ENOENT: no such file or directory, open '/workspaces/family-monitor/.git/refs/remotes/origin/main'
2026-05-08 12:06:35.947 [info] > git rev-parse refs/remotes/origin/main [6ms]
2026-05-08 12:06:36.035 [info] > git for-each-ref --sort -committerdate --format %(refname)%00%(objectname)%00%(*objectname) [21ms]
2026-05-08 12:06:36.119 [info] > git status -z -uall [146ms]
2026-05-08 12:06:41.196 [info] > git config --get commit.template [26ms]
2026-05-08 12:06:41.208 [info] > git for-each-ref --format=%(refname)%00%(upstream:short)%00%(objectname)%00%(upstream:track)%00%(upstream:remotename)%00%(upstream:remoteref) refs/heads/main refs/remotes/main [16ms]
2026-05-08 12:06:41.287 [warning] [Git][revParse] Unable to read file: ENOENT: no such file or directory, open '/workspaces/family-monitor/.git/refs/remotes/origin/main'
2026-05-08 12:06:41.293 [info] > git rev-parse refs/remotes/origin/main [6ms]
2026-05-08 12:06:41.624 [info] > git for-each-ref --sort -committerdate --format %(refname)%00%(objectname)%00%(*objectname) [223ms]
2026-05-08 12:06:41.829 [info] > git status -z -uall [467ms]
2026-05-08 12:06:59.800 [info] > git config --get commit.template [467ms]
2026-05-08 12:06:59.809 [info] > git for-each-ref --format=%(refname)%00%(upstream:short)%00%(objectname)%00%(upstream:track)%00%(upstream:remotename)%00%(upstream:remoteref) refs/heads/main refs/remotes/main [453ms]
2026-05-08 12:06:59.824 [warning] [Git][revParse] Unable to read file: ENOENT: no such file or directory, open '/workspaces/family-monitor/.git/refs/remotes/origin/main'
2026-05-08 12:06:59.840 [info] > git rev-parse refs/remotes/origin/main [18ms]
2026-05-08 12:06:59.928 [info] > git for-each-ref --sort -committerdate --format %(refname)%00%(objectname)%00%(*objectname) [27ms]
2026-05-08 12:07:00.091 [info] > git status -z -uall [230ms]
2026-05-08 12:07:07.862 [info] > git config --get commit.template [77ms]
2026-05-08 12:07:07.864 [info] > git for-each-ref --format=%(refname)%00%(upstream:short)%00%(objectname)%00%(upstream:track)%00%(upstream:remotename)%00%(upstream:remoteref) refs/heads/main refs/remotes/main [49ms]
2026-05-08 12:07:07.887 [warning] [Git][revParse] Unable to read file: ENOENT: no such file or directory, open '/workspaces/family-monitor/.git/refs/remotes/origin/main'
2026-05-08 12:07:07.891 [info] > git rev-parse refs/remotes/origin/main [4ms]
2026-05-08 12:07:07.942 [info] > git for-each-ref --sort -committerdate --format %(refname)%00%(objectname)%00%(*objectname) [13ms]
2026-05-08 12:07:08.050 [info] > git status -z -uall [148ms]
2026-05-08 12:07:13.065 [info] > git config --get commit.template [3ms]
2026-05-08 12:07:13.083 [info] > git for-each-ref --format=%(refname)%00%(upstream:short)%00%(objectname)%00%(upstream:track)%00%(upstream:remotename)%00%(upstream:remoteref) refs/heads/main refs/remotes/main [2ms]
2026-05-08 12:07:13.090 [warning] [Git][revParse] Unable to read file: ENOENT: no such file or directory, open '/workspaces/family-monitor/.git/refs/remotes/origin/main'
2026-05-08 12:07:13.093 [info] > git rev-parse refs/remotes/origin/main [3ms]
2026-05-08 12:07:13.118 [info] > git status -z -uall [14ms]
2026-05-08 12:07:13.121 [info] > git for-each-ref --sort -committerdate --format %(refname)%00%(objectname)%00%(*objectname) [4ms]
2026-05-08 12:10:54.810 [info] > git config --local -l [3ms]
2026-05-08 12:10:54.941 [info] > git config --local -l [1ms]
2026-05-08 12:15:57.307 [info] > git config --local -l [1ms]
